"1";"1606"
"5";"1990"
"5";"1993"
"1";"abated"
"1";"abatement"
"1";"abhorr"
"1";"abhorred"
"1";"abjure"
"1";"abode"
"1";"abominable"
"1";"absolute"
"5";"abus"
"1";"abuse"
"2";"abused"
"1";"abuses"
"1";"accent"
"1";"accents"
"1";"accommodate"
"1";"account"
"1";"accuse"
"1";"accuser"
"1";"acknowledg"
"2";"acknowledge"
"1";"acknowledged"
"5";"acold"
"2";"acquaint"
"1";"acquaintance"
"1";"acre"
"2";"action"
"1";"add"
"1";"adder"
"4";"addition"
"1";"additions"
"1";"address"
"1";"adieu"
"1";"admirable"
"1";"admiration"
"1";"ado"
"1";"adore"
"1";"adulterers"
"2";"adultery"
"1";"adultress"
"1";"advanc"
"1";"advancement"
"1";"advantage"
"1";"advantages"
"2";"adversary"
"1";"advice"
"1";"advis"
"5";"advise"
"1";"afar"
"1";"affairs"
"1";"affect"
"3";"affection"
"1";"affectionate"
"1";"affirm"
"1";"afflict"
"3";"affliction"
"2";"afoot"
"1";"afore"
"12";"age"
"2";"aged"
"1";"ague"
"1";"aidant"
"8";"air"
"1";"airs"
"1";"ajax"
"15";"alack"
"3";"alarum"
"1";"alarums"
"2";"alas"
"58";"alb"
"20";"albany"
"1";"albion"
"1";"alight"
"5";"alive"
"1";"allay"
"1";"allegiance"
"1";"allot"
"2";"allowance"
"1";"alms"
"1";"aloof"
"1";"aloud"
"1";"alter"
"1";"alteration"
"1";"altitude"
"3";"altogether"
"1";"amaz"
"1";"ambition"
"1";"amities"
"1";"amity"
"1";"amorous"
"2";"ample"
"1";"amplify"
"1";"anatomize"
"1";"anchoring"
"5";"ancient"
"1";"ang"
"1";"angel"
"3";"anger"
"1";"angler"
"1";"angry"
"2";"anguish"
"1";"animal"
"1";"anointed"
"1";"anon"
"18";"answer"
"1";"answered"
"1";"answers"
"1";"ant"
"1";"antipathy"
"2";"apace"
"1";"apish"
"2";"apollo"
"1";"apothecary"
"4";"appears"
"1";"appertains"
"2";"appetite"
"1";"apple"
"1";"applied"
"1";"apply"
"1";"appointed"
"2";"apprehend"
"1";"apprehension"
"3";"approach"
"2";"approve"
"2";"approves"
"2";"apt"
"1";"arbitrement"
"1";"arch"
"1";"argument"
"1";"arguments"
"2";"aright"
"14";"arm"
"2";"armed"
"11";"arms"
"5";"army"
"2";"aroint"
"3";"arraign"
"1";"arrant"
"2";"array"
"1";"arrest"
"1";"arrives"
"41";"art"
"3";"asham"
"2";"asleep"
"1";"aspect"
"1";"asquint"
"2";"ass"
"1";"assaulted"
"1";"assembly"
"1";"asses"
"1";"assume"
"1";"assur"
"2";"assurance"
"1";"assure"
"1";"assured"
"1";"astronomical"
"1";"athenian"
"1";"attaint"
"1";"attempting"
"6";"attend"
"1";"attendance"
"3";"attendant"
"8";"attendants"
"1";"attended"
"1";"attending"
"1";"attire"
"1";"atwain"
"4";"aught"
"1";"auricular"
"1";"auspicious"
"1";"authorities"
"4";"authority"
"1";"autumn"
"1";"avaunt"
"1";"avert"
"1";"avoid"
"1";"avouch"
"1";"avouched"
"2";"awake"
"4";"awhile"
"1";"awork"
"1";"aye"
"1";"babe"
"1";"babes"
"3";"bad"
"2";"badness"
"1";"bags"
"1";"bald"
"1";"ballow"
"2";"balm"
"2";"bandy"
"1";"banes"
"8";"banish"
"3";"banishment"
"1";"banner"
"1";"banners"
"1";"bans"
"3";"bar"
"2";"barbarous"
"1";"barbermonger"
"4";"bare"
"1";"bareheaded"
"3";"bark"
"8";"base"
"1";"baseness"
"3";"basest"
"11";"bastard"
"1";"bastardizing"
"1";"bastards"
"1";"bastardy"
"6";"battle"
"1";"battles"
"1";"bawd"
"1";"bawds"
"1";"bay"
"1";"beach"
"1";"beacon"
"1";"beadle"
"1";"beaks"
"1";"beams"
"18";"bear"
"8";"beard"
"1";"bearer"
"3";"bearing"
"3";"bears"
"3";"beast"
"1";"beastly"
"4";"beat"
"2";"beaten"
"2";"beats"
"2";"beauty"
"7";"bed"
"3";"bedlam"
"1";"beetles"
"4";"beg"
"1";"began"
"2";"beget"
"1";"begg"
"4";"beggar"
"1";"beggarly"
"1";"beggarman"
"3";"beggars"
"2";"begot"
"1";"begs"
"2";"beguil"
"1";"beguile"
"1";"behalf"
"1";"behaviour"
"5";"behold"
"1";"beholding"
"1";"believ"
"1";"belike"
"1";"bellowed"
"2";"belly"
"1";"bellyful"
"2";"belov"
"3";"beloved"
"1";"bemadding"
"1";"bemet"
"1";"bemonster"
"1";"bench"
"2";"bend"
"2";"bending"
"3";"beneath"
"3";"benediction"
"1";"benefit"
"1";"benefited"
"1";"benefits"
"2";"benison"
"2";"bent"
"1";"bereaved"
"8";"beseech"
"1";"besort"
"1";"bespoke"
"1";"bessy"
"1";"bestirr"
"4";"bestow"
"1";"bethink"
"1";"bethought"
"1";"betray"
"2";"betters"
"4";"betwixt"
"2";"beware"
"1";"beweep"
"2";"bewray"
"1";"bias"
"9";"bid"
"1";"bidding"
"1";"bide"
"1";"biding"
"5";"bids"
"1";"big"
"1";"bigger"
"1";"bills"
"2";"bin"
"4";"bind"
"1";"bird"
"1";"birds"
"1";"birth"
"3";"bit"
"1";"bitch"
"2";"bite"
"1";"bites"
"1";"biting"
"4";"bitter"
"5";"black"
"8";"blame"
"1";"blamed"
"1";"blanch"
"1";"blank"
"2";"blanket"
"2";"blast"
"1";"blasting"
"3";"blasts"
"1";"bleak"
"5";"bleed"
"2";"bleeding"
"8";"bless"
"4";"blessing"
"2";"blest"
"5";"blind"
"1";"blinding"
"1";"bliss"
"1";"block"
"12";"blood"
"2";"blooded"
"7";"bloody"
"1";"blot"
"3";"blow"
"2";"blown"
"5";"blows"
"1";"bluntly"
"1";"bluntness"
"1";"blush"
"1";"boarish"
"1";"boast"
"1";"boasted"
"1";"boat"
"1";"bobtail"
"2";"bodies"
"9";"body"
"1";"bog"
"1";"boil"
"5";"bold"
"1";"bolds"
"1";"bolt"
"1";"bolted"
"4";"bond"
"1";"bondage"
"2";"bones"
"1";"book"
"1";"boon"
"3";"boot"
"1";"bootless"
"1";"boots"
"1";"bor"
"1";"bordered"
"1";"bore"
"5";"born"
"3";"borne"
"1";"borrow"
"1";"borrowed"
"5";"bosom"
"1";"bosoms"
"8";"bound"
"1";"bounds"
"2";"bounty"
"2";"bourn"
"1";"bove"
"3";"bow"
"1";"bows"
"16";"boy"
"1";"boys"
"2";"brach"
"1";"brag"
"1";"braggart"
"2";"brain"
"2";"brains"
"2";"brand"
"1";"brave"
"1";"bravely"
"1";"braz"
"1";"brazen"
"1";"breach"
"1";"breaches"
"1";"bread"
"8";"break"
"1";"breaking"
"2";"breaks"
"7";"breath"
"1";"breathe"
"1";"breathes"
"1";"breathless"
"2";"bred"
"1";"breeches"
"2";"breed"
"3";"breeding"
"1";"breeds"
"1";"brewers"
"1";"bridegroom"
"1";"bridges"
"1";"briefness"
"1";"brim"
"19";"bring"
"1";"bringing"
"2";"britain"
"5";"british"
"1";"broils"
"1";"broke"
"2";"broken"
"2";"brothel"
"25";"brother"
"1";"brothers"
"10";"brought"
"1";"brow"
"1";"brown"
"1";"brows"
"1";"bruise"
"2";"brutish"
"2";"build"
"1";"building"
"2";"buoy"
"5";"bur"
"15";"burgundy"
"3";"burn"
"3";"burning"
"3";"burst"
"1";"bursts"
"1";"bury"
"1";"bush"
"15";"business"
"1";"busy"
"1";"buttered"
"1";"butterflies"
"1";"button"
"2";"buy"
"1";"buzz"
"1";"cackling"
"1";"cadent"
"1";"cage"
"1";"cagion"
"2";"caitiff"
"1";"caius"
"5";"calls"
"1";"camelot"
"5";"camp"
"1";"camps"
"1";"candle"
"1";"canker"
"9";"canst"
"3";"cap"
"1";"capable"
"1";"capital"
"5";"capt"
"6";"captain"
"1";"captives"
"1";"carbonado"
"1";"carbuncle"
"7";"care"
"1";"careful"
"1";"carefully"
"2";"cares"
"5";"carnegie"
"1";"carp"
"1";"carried"
"6";"carry"
"2";"cart"
"4";"case"
"1";"casement"
"6";"cast"
"10";"castle"
"1";"casualties"
"2";"cat"
"1";"cataracts"
"1";"catastrophe"
"2";"catch"
"2";"caught"
"1";"cautions"
"1";"caves"
"4";"cease"
"1";"ceases"
"2";"censure"
"1";"censured"
"1";"centaurs"
"1";"century"
"1";"ceremonious"
"1";"chafes"
"3";"chair"
"1";"chalky"
"1";"challeng"
"2";"challenge"
"1";"chamber"
"1";"chambermaids"
"1";"champains"
"1";"champion"
"1";"chanc"
"5";"chance"
"3";"chang"
"5";"change"
"1";"changeable"
"2";"changed"
"1";"channels"
"2";"character"
"4";"charg"
"3";"charge"
"6";"charges"
"4";"charity"
"2";"charms"
"1";"chatter"
"1";"che"
"1";"cheap"
"2";"check"
"1";"checks"
"2";"cheek"
"3";"cheeks"
"1";"cheerless"
"1";"cheese"
"1";"chide"
"1";"chiding"
"12";"child"
"1";"childed"
"1";"childhood"
"1";"childlike"
"4";"children"
"3";"chill"
"2";"chin"
"4";"choice"
"1";"choler"
"1";"choleric"
"2";"choose"
"1";"choughs"
"1";"chud"
"1";"churches"
"1";"circle"
"1";"cities"
"1";"civet"
"1";"claim"
"1";"clamorous"
"3";"clamour"
"1";"clap"
"1";"clay"
"1";"clearest"
"1";"clears"
"1";"cleaving"
"2";"cliff"
"1";"climb"
"1";"climbing"
"1";"clipp"
"2";"close"
"2";"closet"
"2";"clothes"
"1";"clothier"
"1";"clotpoll"
"2";"clout"
"1";"clovest"
"3";"cock"
"1";"cockney"
"1";"cocks"
"2";"codpiece"
"1";"cohorts"
"10";"cold"
"2";"colder"
"1";"colour"
"5";"colours"
"1";"combine"
"1";"comedy"
"5";"comfort"
"2";"comfortable"
"1";"comforted"
"1";"comforting"
"1";"comfortless"
"2";"comforts"
"10";"coming"
"4";"command"
"1";"commanded"
"4";"commands"
"3";"commend"
"5";"commercial"
"5";"commercially"
"3";"commission"
"3";"commit"
"1";"commodities"
"3";"common"
"2";"compact"
"1";"companion"
"4";"company"
"1";"compeers"
"1";"complaint"
"5";"complete"
"2";"compliment"
"2";"composition"
"1";"compounded"
"1";"compulsion"
"1";"comrade"
"1";"concealing"
"1";"concealment"
"1";"conceals"
"1";"conceit"
"2";"conceive"
"1";"conception"
"1";"concluded"
"1";"conclusion"
"2";"condemn"
"2";"condition"
"2";"conditions"
"2";"conduct"
"1";"conductor"
"1";"confederacy"
"1";"confer"
"1";"conferr"
"1";"conferring"
"2";"confess"
"1";"confin"
"1";"confine"
"1";"confined"
"1";"confirm"
"1";"confirmation"
"2";"conflict"
"1";"conflicting"
"2";"confusion"
"2";"conjunct"
"1";"conjuring"
"1";"conqueror"
"1";"conquest"
"1";"consideration"
"1";"consort"
"1";"conspiracy"
"1";"conspirant"
"2";"constant"
"1";"constrains"
"1";"consumption"
"3";"contemn"
"1";"contemns"
"1";"contemplation"
"2";"contempt"
"1";"contending"
"4";"content"
"1";"contented"
"1";"contentious"
"3";"contents"
"1";"continent"
"1";"continents"
"1";"contracted"
"1";"contradict"
"1";"contraries"
"1";"contriving"
"2";"control"
"1";"convenience"
"3";"convenient"
"2";"converse"
"4";"convey"
"1";"cool"
"1";"cools"
"1";"cope"
"10";"copies"
"1";"copulation"
"5";"copyright"
"31";"cor"
"31";"cordelia"
"1";"cords"
"1";"corky"
"57";"corn"
"23";"cornwall"
"2";"coronet"
"1";"correction"
"1";"corrupted"
"1";"corrupter"
"1";"corruption"
"1";"cost"
"1";"costard"
"1";"couch"
"1";"couldst"
"4";"counsel"
"1";"counsell"
"1";"counsels"
"4";"countenance"
"1";"counterfeiting"
"1";"countries"
"4";"country"
"1";"couriers"
"7";"court"
"1";"courtesan"
"3";"courtesy"
"1";"courtier"
"4";"cover"
"1";"covering"
"1";"covert"
"1";"cow"
"2";"coward"
"1";"cowardly"
"1";"cowards"
"1";"cowish"
"4";"coxcomb"
"3";"coxcombs"
"1";"cozen"
"1";"cozener"
"3";"crab"
"7";"crack"
"1";"cradle"
"1";"craft"
"1";"crave"
"2";"craves"
"1";"crawl"
"1";"craz"
"1";"creaking"
"2";"create"
"1";"creating"
"3";"creature"
"1";"creatures"
"1";"credit"
"1";"credulous"
"2";"cried"
"2";"cries"
"1";"criest"
"1";"crime"
"2";"crimes"
"1";"croak"
"1";"cross"
"1";"crosses"
"1";"crow"
"4";"crown"
"3";"crowns"
"1";"crows"
"3";"cruel"
"1";"cruels"
"1";"crum"
"1";"crust"
"1";"crying"
"1";"cub"
"2";"cuckoo"
"1";"cue"
"1";"cullionly"
"5";"cunning"
"1";"cup"
"1";"cupid"
"6";"cur"
"3";"curan"
"3";"cure"
"1";"curfew"
"3";"curiosity"
"1";"curious"
"1";"curl"
"1";"curled"
"2";"curs"
"4";"curse"
"1";"curses"
"1";"curst"
"1";"curtains"
"1";"cushions"
"1";"custom"
"5";"cut"
"1";"cutpurses"
"1";"cuts"
"1";"dally"
"2";"dame"
"1";"damned"
"1";"dandy"
"6";"danger"
"2";"dangerous"
"1";"dar"
"3";"dares"
"7";"dark"
"1";"darker"
"1";"darkling"
"5";"darkness"
"1";"darnel"
"1";"dart"
"2";"daub"
"33";"daughter"
"28";"daughters"
"1";"dawning"
"9";"day"
"1";"daylight"
"3";"days"
"16";"dead"
"2";"deadly"
"5";"deal"
"1";"dealing"
"22";"dear"
"4";"dearer"
"2";"dearest"
"1";"dearly"
"1";"dearth"
"22";"death"
"1";"deathsman"
"1";"debate"
"1";"debosh"
"1";"debt"
"2";"decay"
"1";"deceiv"
"1";"decline"
"1";"declining"
"1";"deed"
"1";"deeds"
"4";"deep"
"1";"deeper"
"1";"deeply"
"1";"deer"
"1";"defects"
"1";"defence"
"5";"defend"
"1";"deficient"
"1";"defiles"
"1";"deformity"
"1";"defuse"
"1";"defy"
"2";"degenerate"
"2";"degree"
"1";"dejected"
"2";"delay"
"3";"delicate"
"3";"deliver"
"1";"delivered"
"1";"demand"
"1";"demanded"
"1";"demanding"
"1";"demonstration"
"1";"denied"
"6";"deny"
"2";"depart"
"1";"departure"
"1";"depend"
"2";"dependants"
"1";"depositaries"
"1";"deprav"
"2";"depriv"
"1";"deprive"
"1";"derides"
"1";"derive"
"1";"derogate"
"1";"descend"
"1";"descent"
"2";"descry"
"1";"desert"
"2";"deserv"
"2";"deserve"
"2";"deserving"
"1";"deservings"
"2";"desir"
"3";"desire"
"3";"despair"
"2";"desperate"
"1";"desperately"
"2";"despis"
"1";"dest"
"1";"destroy"
"1";"detain"
"1";"detains"
"1";"detector"
"2";"determine"
"3";"detested"
"1";"devil"
"1";"devils"
"1";"devise"
"1";"devour"
"1";"dialect"
"1";"diamonds"
"1";"dice"
"6";"didst"
"11";"die"
"4";"dies"
"1";"diest"
"1";"dieted"
"4";"difference"
"2";"differences"
"1";"diffidences"
"1";"digest"
"2";"diligence"
"1";"diligent"
"1";"dimensions"
"1";"diminish"
"5";"dinner"
"1";"dirt"
"1";"disasters"
"1";"disbranch"
"1";"discarded"
"1";"discerning"
"1";"discernings"
"1";"discerns"
"1";"discharge"
"1";"disclaim"
"1";"disclaims"
"1";"discommend"
"1";"discord"
"1";"discover"
"1";"discovery"
"1";"discreet"
"1";"discretion"
"2";"disdain"
"2";"disease"
"1";"diseases"
"1";"disguise"
"3";"disguised"
"1";"dishonoured"
"2";"dislike"
"1";"dislocate"
"1";"dismantle"
"1";"dismiss"
"1";"dismissing"
"1";"disnatur"
"2";"disorder"
"2";"disorders"
"4";"dispatch"
"1";"display"
"7";"displeasure"
"1";"dispose"
"5";"disposition"
"2";"dispositions"
"1";"disquantity"
"1";"disquietly"
"1";"dissipation"
"1";"dissolutions"
"2";"dissolve"
"1";"dissuaded"
"1";"distaff"
"1";"distaste"
"1";"distinguish"
"1";"distract"
"1";"distress"
"1";"distressed"
"10";"distributed"
"6";"distribution"
"1";"ditch"
"1";"divest"
"1";"divide"
"1";"divided"
"1";"divine"
"1";"divinity"
"3";"division"
"2";"divisions"
"1";"divorce"
"1";"dizzy"
"8";"doct"
"4";"doctor"
"12";"dog"
"5";"dogs"
"1";"dolours"
"1";"dolphin"
"1";"domestic"
"1";"dominance"
"1";"dominions"
"1";"doom"
"3";"door"
"4";"doors"
"27";"dost"
"3";"dotage"
"1";"dote"
"17";"doth"
"1";"double"
"1";"doubt"
"1";"doubted"
"2";"doubtful"
"15";"dover"
"2";"dow"
"2";"dower"
"1";"dowerless"
"2";"dowers"
"5";"download"
"1";"dowry"
"2";"dragon"
"1";"dramatis"
"18";"draw"
"5";"drawn"
"2";"draws"
"4";"dread"
"3";"dreadful"
"1";"dream"
"1";"drench"
"1";"dressed"
"3";"drew"
"1";"dried"
"2";"drink"
"1";"drinks"
"2";"drive"
"1";"dropp"
"1";"drops"
"1";"drown"
"10";"drum"
"2";"drunkards"
"4";"dry"
"5";"dst"
"3";"duchess"
"1";"ducking"
"1";"dues"
"32";"duke"
"6";"dukes"
"2";"dull"
"1";"dullard"
"1";"dumbness"
"1";"dung"
"2";"dunghill"
"4";"durst"
"3";"dust"
"1";"duteous"
"3";"duties"
"9";"duty"
"1";"dwells"
"6";"ear"
"11";"earl"
"1";"earnest"
"1";"earnestly"
"1";"ears"
"6";"earth"
"1";"ease"
"2";"easy"
"3";"eat"
"1";"eater"
"2";"eats"
"1";"ebb"
"3";"eclipses"
"98";"edg"
"37";"edgar"
"79";"edm"
"53";"edmund"
"1";"eels"
"6";"effects"
"4";"egg"
"1";"eggs"
"1";"elbows"
"1";"elder"
"2";"eldest"
"1";"election"
"10";"electronic"
"1";"element"
"2";"elements"
"1";"elf"
"1";"eliads"
"1";"embossed"
"2";"embrace"
"1";"eminence"
"2";"employment"
"1";"encounter"
"1";"endeavour"
"1";"endow"
"1";"ends"
"3";"endur"
"5";"endure"
"1";"endured"
"3";"enemies"
"6";"enemy"
"1";"enforc"
"1";"enforce"
"1";"engender"
"1";"engine"
"1";"enguard"
"4";"enjoy"
"1";"enkindle"
"1";"enmity"
"1";"enormous"
"1";"enrag"
"1";"enridged"
"81";"enter"
"2";"entertain"
"1";"entertainment"
"1";"entire"
"6";"entreat"
"1";"entreaty"
"1";"epicurism"
"1";"epileptic"
"1";"equalities"
"1";"equally"
"1";"equity"
"11";"ere"
"1";"erheard"
"1";"erlook"
"1";"erlooking"
"1";"erpaid"
"1";"erskip"
"1";"ertake"
"1";"erwatch"
"1";"erwhelm"
"1";"escap"
"1";"escape"
"1";"esperance"
"1";"essay"
"1";"estate"
"5";"etext"
"1";"evasion"
"2";"evening"
"1";"event"
"1";"evidence"
"4";"evil"
"1";"exact"
"1";"exalt"
"1";"exasperates"
"2";"excellent"
"1";"excess"
"3";"exchange"
"1";"executing"
"1";"execution"
"34";"exeunt"
"1";"exhibition"
"1";"exist"
"48";"exit"
"1";"expectation"
"1";"expense"
"1";"expiration"
"1";"exploit"
"1";"expose"
"2";"express"
"1";"extend"
"1";"extreme"
"1";"extremes"
"1";"extremest"
"2";"extremity"
"10";"eye"
"3";"eyeless"
"39";"eyes"
"1";"eyesight"
"1";"fac"
"10";"face"
"2";"faces"
"1";"fadom"
"2";"fail"
"4";"fain"
"1";"faint"
"1";"faintly"
"1";"faints"
"10";"fair"
"1";"fairest"
"1";"fairies"
"1";"fairs"
"7";"faith"
"1";"falchion"
"10";"fall"
"1";"fallen"
"7";"falls"
"8";"false"
"1";"familiar"
"2";"fancy"
"1";"fangs"
"1";"fantastically"
"8";"fare"
"2";"fares"
"12";"farewell"
"1";"farmer"
"1";"farmhouse"
"1";"farms"
"3";"fashion"
"3";"fast"
"1";"fastened"
"1";"fated"
"76";"father"
"1";"fathered"
"4";"fathers"
"2";"fathom"
"8";"fault"
"3";"faults"
"6";"favour"
"1";"favours"
"17";"fear"
"2";"fearful"
"1";"fearfully"
"1";"fears"
"1";"feather"
"1";"feathers"
"1";"feature"
"1";"fed"
"1";"fee"
"11";"feel"
"3";"feeling"
"1";"feelingly"
"2";"feet"
"1";"felicitate"
"5";"fell"
"28";"fellow"
"3";"fellows"
"1";"fellowship"
"3";"felt"
"1";"fen"
"1";"festinate"
"4";"fetch"
"1";"fetches"
"1";"fickle"
"7";"fie"
"4";"field"
"20";"fiend"
"1";"fiends"
"4";"fierce"
"4";"fiery"
"5";"fight"
"1";"figure"
"1";"filial"
"1";"filth"
"1";"filths"
"2";"filthy"
"1";"finding"
"3";"finds"
"2";"fine"
"1";"finical"
"2";"fires"
"1";"firm"
"1";"firmament"
"1";"firmly"
"1";"fish"
"1";"fishermen"
"11";"fit"
"1";"fitchew"
"2";"fitly"
"1";"fitness"
"1";"fitter"
"1";"fittest"
"1";"flakes"
"1";"flame"
"1";"flames"
"1";"flashes"
"1";"flat"
"3";"flatter"
"1";"flatterer"
"1";"flatteries"
"1";"flattering"
"1";"flattery"
"1";"flaw"
"1";"flaws"
"1";"flax"
"1";"flay"
"3";"fled"
"10";"flesh"
"1";"fleshment"
"1";"flew"
"2";"flibbertigibbet"
"1";"flickering"
"1";"flies"
"1";"flight"
"4";"flourish"
"2";"flow"
"1";"flowing"
"1";"flown"
"6";"fly"
"1";"flying"
"2";"foes"
"2";"fogs"
"1";"foh"
"1";"foins"
"1";"fold"
"1";"folds"
"1";"follies"
"17";"follow"
"2";"follower"
"4";"followers"
"3";"folly"
"3";"fond"
"6";"food"
"119";"fool"
"4";"foolish"
"8";"fools"
"5";"foot"
"1";"football"
"3";"footed"
"1";"footpath"
"1";"foppery"
"1";"foppish"
"1";"fops"
"3";"forbear"
"1";"forbearance"
"2";"forbid"
"1";"forc"
"1";"force"
"1";"forces"
"1";"ford"
"1";"fordid"
"1";"fordone"
"1";"fore"
"1";"foreign"
"1";"forests"
"1";"forfended"
"2";"forget"
"3";"forgive"
"2";"forgiveness"
"2";"forgot"
"1";"fork"
"1";"forked"
"1";"forks"
"1";"forlorn"
"2";"form"
"1";"forsaken"
"1";"forsooth"
"1";"fortnight"
"1";"fortunately"
"18";"fortune"
"6";"fortunes"
"1";"foster"
"1";"fought"
"15";"foul"
"1";"foulness"
"2";"fourscore"
"1";"fourteen"
"3";"fox"
"2";"foxes"
"1";"fram"
"2";"frame"
"32";"france"
"1";"frank"
"1";"frateretto"
"1";"fraught"
"5";"free"
"1";"freedom"
"1";"freer"
"3";"french"
"1";"fresh"
"1";"fret"
"1";"fretful"
"19";"friend"
"2";"friendly"
"9";"friends"
"2";"friendship"
"1";"fro"
"1";"frog"
"1";"frontlet"
"2";"frown"
"1";"frowning"
"1";"fruitful"
"1";"fruitfully"
"1";"frustrate"
"1";"fully"
"1";"fum"
"1";"fumiter"
"1";"fur"
"1";"furnishings"
"1";"furr"
"1";"furrow"
"2";"fury"
"1";"fut"
"1";"future"
"1";"gad"
"1";"gain"
"8";"gainst"
"2";"gait"
"1";"gale"
"2";"gall"
"1";"gallow"
"1";"gap"
"1";"garb"
"1";"garden"
"4";"garments"
"1";"garters"
"1";"gasted"
"4";"gate"
"1";"gates"
"1";"gather"
"1";"gathers"
"1";"gauntlet"
"3";"gav"
"1";"gazing"
"1";"geese"
"5";"general"
"1";"generation"
"1";"generous"
"41";"gent"
"4";"gentle"
"22";"gentleman"
"1";"gentlemen"
"1";"gentleness"
"1";"gentlewoman"
"1";"germains"
"1";"germany"
"1";"ghost"
"1";"giant"
"1";"gift"
"3";"gilded"
"1";"girdle"
"3";"glad"
"1";"gladly"
"1";"glance"
"1";"glares"
"4";"glass"
"1";"glib"
"1";"globe"
"118";"glou"
"1";"glouceste"
"62";"gloucester"
"2";"glove"
"1";"gloves"
"1";"gnawn"
"1";"goatish"
"1";"god"
"2";"goddess"
"26";"gods"
"1";"godson"
"2";"goest"
"2";"gold"
"1";"golden"
"53";"gon"
"32";"goneril"
"84";"good"
"1";"goodliest"
"1";"goodman"
"3";"goodness"
"1";"goodyears"
"1";"goose"
"1";"gor"
"1";"gorg"
"1";"gorge"
"2";"gorgeous"
"1";"gossamer"
"3";"govern"
"1";"gowns"
"1";"grac"
"21";"grace"
"2";"graces"
"2";"gracious"
"1";"grant"
"1";"gratitude"
"3";"grave"
"1";"graves"
"1";"gray"
"28";"great"
"2";"greater"
"1";"greediness"
"1";"green"
"1";"greet"
"3";"grew"
"2";"grey"
"1";"greyhound"
"7";"grief"
"1";"griefs"
"1";"grieve"
"1";"grim"
"1";"grime"
"1";"groans"
"1";"groom"
"2";"gross"
"1";"grossly"
"2";"ground"
"6";"grow"
"3";"grown"
"3";"grows"
"1";"grudge"
"1";"grumble"
"4";"guard"
"1";"guarded"
"1";"guardians"
"1";"guess"
"1";"guessingly"
"2";"guests"
"1";"guide"
"1";"guiltless"
"1";"guilts"
"1";"guilty"
"5";"gutenberg"
"1";"habit"
"6";"hadst"
"1";"hags"
"3";"hail"
"3";"hair"
"2";"hairs"
"1";"halcyon"
"1";"halfway"
"1";"halter"
"1";"halters"
"28";"hand"
"1";"handles"
"6";"hands"
"1";"handy"
"5";"hang"
"1";"hanging"
"2";"hangs"
"1";"hap"
"1";"haply"
"1";"happier"
"6";"happy"
"1";"harbour"
"10";"hard"
"4";"harder"
"1";"hardocks"
"1";"harelip"
"4";"hark"
"2";"harm"
"2";"harmful"
"3";"harms"
"1";"harshness"
"24";"hast"
"5";"haste"
"2";"hasten"
"1";"hasty"
"1";"hatch"
"5";"hate"
"3";"hated"
"1";"hateful"
"2";"hates"
"56";"hath"
"1";"haunts"
"2";"hawthorn"
"1";"hay"
"23";"head"
"1";"headier"
"1";"headlong"
"2";"heads"
"3";"health"
"27";"hear"
"11";"heard"
"1";"hearing"
"2";"hears"
"48";"heart"
"5";"hearted"
"4";"hearts"
"1";"hearty"
"3";"heat"
"4";"heath"
"1";"heav"
"1";"heave"
"10";"heaven"
"2";"heavenly"
"9";"heavens"
"1";"heaviness"
"4";"heavy"
"1";"hecate"
"1";"hedge"
"2";"heed"
"4";"heels"
"1";"hefted"
"1";"height"
"1";"heinous"
"1";"heir"
"1";"held"
"3";"hell"
"2";"helm"
"1";"helps"
"1";"hemlock"
"1";"henceforth"
"7";"herald"
"1";"hereditary"
"1";"heretics"
"1";"herring"
"1";"hewgh"
"2";"hey"
"4";"hide"
"2";"hideous"
"1";"hides"
"9";"high"
"8";"highness"
"3";"hill"
"1";"hire"
"1";"history"
"1";"hit"
"1";"hitherward"
"1";"hizzing"
"1";"hobbididence"
"1";"hog"
"21";"hold"
"1";"holding"
"1";"holds"
"3";"holla"
"1";"hollow"
"2";"hollowness"
"1";"holp"
"3";"holy"
"7";"honest"
"3";"honesty"
"13";"honour"
"2";"honourable"
"3";"honours"
"4";"hope"
"1";"hoping"
"1";"hoppedance"
"1";"horn"
"4";"horns"
"3";"horrible"
"3";"horrid"
"2";"horror"
"11";"horse"
"7";"horses"
"1";"horseway"
"1";"hospitable"
"2";"host"
"6";"hot"
"1";"hotly"
"1";"hound"
"5";"hour"
"3";"hourly"
"3";"hours"
"16";"house"
"2";"houseless"
"7";"hovel"
"1";"howe"
"5";"howl"
"1";"huge"
"1";"hum"
"1";"humanity"
"1";"humbled"
"1";"humh"
"1";"hunt"
"1";"hunting"
"1";"hurricanoes"
"5";"hurt"
"1";"hurtless"
"1";"hurts"
"11";"husband"
"1";"husbands"
"1";"hush"
"1";"hysterica"
"4";"idle"
"1";"ignobly"
"1";"ignorance"
"2";"ignorant"
"6";"iii"
"7";"ill"
"1";"illustrious"
"3";"image"
"1";"images"
"1";"imagination"
"1";"imaginations"
"1";"immediacy"
"1";"impatience"
"2";"imperfect"
"1";"imperfections"
"1";"impertinency"
"1";"impetuous"
"1";"import"
"1";"imports"
"1";"importune"
"1";"impose"
"1";"impossibility"
"1";"impossible"
"1";"impress"
"1";"imprison"
"1";"improper"
"2";"incense"
"1";"incestuous"
"2";"inch"
"1";"incite"
"1";"incline"
"5";"includes"
"1";"increase"
"1";"incurr"
"1";"indignation"
"1";"indiscretion"
"1";"indispos"
"1";"indistinguish"
"1";"infect"
"1";"infected"
"1";"infection"
"2";"infirm"
"1";"infirmities"
"2";"infirmity"
"1";"inflam"
"2";"influence"
"8";"inform"
"1";"ingenious"
"1";"ingraffed"
"3";"ingrateful"
"3";"ingratitude"
"1";"inherit"
"1";"inheriting"
"1";"injunction"
"3";"injuries"
"1";"inn"
"1";"innocent"
"1";"insolent"
"7";"instant"
"3";"instantly"
"1";"instructs"
"1";"instruments"
"1";"insulted"
"1";"intelligence"
"3";"intelligent"
"3";"intend"
"2";"intends"
"6";"intent"
"1";"interlude"
"1";"intermission"
"1";"interposes"
"1";"intrinse"
"1";"invade"
"2";"invades"
"1";"invest"
"1";"invested"
"1";"ise"
"4";"issue"
"1";"issues"
"1";"jail"
"1";"jakes"
"1";"jarring"
"2";"jealous"
"1";"jelly"
"1";"jesters"
"1";"jewel"
"1";"jewels"
"1";"join"
"1";"joint"
"1";"jointly"
"1";"jolly"
"1";"jot"
"1";"journey"
"1";"jove"
"1";"jovial"
"3";"joy"
"1";"joys"
"1";"judge"
"1";"judgement"
"1";"judging"
"5";"judgment"
"1";"judicious"
"1";"jug"
"1";"juno"
"2";"jupiter"
"7";"justice"
"2";"justicer"
"1";"justicers"
"1";"justification"
"3";"justly"
"1";"keeper"
"1";"kennel"
"174";"kent"
"3";"key"
"1";"kibes"
"1";"kicked"
"11";"kill"
"1";"kin"
"14";"kind"
"1";"kinder"
"1";"kindle"
"1";"kindly"
"3";"kindness"
"70";"king"
"12";"kingdom"
"3";"kiss"
"1";"kissing"
"1";"kite"
"1";"knapp"
"18";"knave"
"3";"knaves"
"1";"knee"
"2";"kneel"
"1";"kneeling"
"2";"kneels"
"1";"knees"
"2";"knife"
"9";"knight"
"1";"knighthood"
"12";"knights"
"1";"knives"
"1";"knots"
"2";"knowest"
"1";"knowing"
"4";"knowledge"
"2";"labour"
"1";"labouring"
"2";"labours"
"1";"lack"
"1";"lacks"
"1";"lad"
"2";"ladies"
"24";"lady"
"1";"lag"
"1";"laid"
"1";"lake"
"1";"lameness"
"1";"lamentable"
"1";"lance"
"1";"lances"
"1";"lanch"
"7";"land"
"2";"landed"
"1";"lands"
"2";"large"
"1";"largest"
"1";"lark"
"1";"lash"
"12";"late"
"2";"laugh"
"1";"laughs"
"2";"laughter"
"5";"law"
"3";"lawful"
"1";"laws"
"1";"lawyer"
"7";"lay"
"1";"laying"
"2";"lays"
"7";"lead"
"1";"leading"
"1";"leads"
"1";"leak"
"2";"leap"
"233";"lear"
"6";"learn"
"2";"learned"
"12";"leave"
"2";"leaves"
"1";"leaving"
"2";"lecher"
"1";"lecherous"
"1";"lechers"
"11";"led"
"8";"left"
"5";"legitimate"
"4";"legs"
"2";"leisure"
"3";"lend"
"1";"lender"
"1";"lending"
"1";"lendings"
"1";"length"
"1";"lesser"
"1";"lethargied"
"28";"letter"
"9";"letters"
"1";"levied"
"1";"liars"
"2";"liberty"
"5";"library"
"1";"licens"
"1";"lick"
"7";"lie"
"2";"liege"
"3";"lies"
"2";"liest"
"37";"life"
"1";"lifting"
"5";"light"
"1";"lightning"
"1";"lightnings"
"1";"lights"
"1";"likeness"
"1";"likes"
"2";"liking"
"1";"lily"
"2";"lion"
"1";"lip"
"3";"lips"
"1";"lipsbury"
"2";"list"
"1";"lists"
"1";"litter"
"13";"live"
"2";"liver"
"9";"lives"
"1";"living"
"1";"loath"
"2";"loathed"
"1";"loathly"
"1";"lock"
"1";"lodge"
"2";"lodging"
"2";"loins"
"19";"long"
"2";"longer"
"2";"loo"
"1";"loop"
"1";"loosen"
"99";"lord"
"5";"lords"
"3";"lordship"
"7";"lose"
"2";"loses"
"1";"losest"
"1";"loss"
"1";"losses"
"7";"lost"
"1";"loud"
"1";"louder"
"1";"louse"
"11";"lov"
"53";"love"
"2";"loves"
"2";"loving"
"1";"lowest"
"1";"lowness"
"2";"loyal"
"2";"loyalty"
"1";"lubber"
"1";"lugg"
"2";"lunatic"
"2";"lurk"
"5";"lust"
"1";"lustre"
"1";"lusts"
"2";"lusty"
"1";"luxury"
"1";"lying"
"1";"lym"
"1";"machination"
"1";"machinations"
"5";"machine"
"19";"mad"
"33";"madam"
"1";"madded"
"4";"madman"
"2";"madmen"
"4";"madness"
"2";"mahu"
"4";"maid"
"1";"maidenliest"
"2";"main"
"4";"maintain"
"8";"majesty"
"1";"major"
"1";"mak"
"3";"making"
"1";"malady"
"1";"maledictions"
"1";"malice"
"1";"malicious"
"1";"malt"
"88";"man"
"2";"manage"
"1";"manent"
"2";"manhood"
"1";"manifest"
"2";"manifold"
"2";"manner"
"4";"manners"
"1";"mantle"
"1";"map"
"5";"mar"
"1";"marble"
"2";"march"
"1";"marching"
"1";"marjoram"
"7";"mark"
"1";"market"
"1";"marks"
"7";"marry"
"1";"marshal"
"4";"marvel"
"26";"master"
"2";"masters"
"1";"mastiff"
"1";"masts"
"2";"match"
"2";"mate"
"1";"material"
"1";"mates"
"15";"matter"
"1";"mature"
"1";"maugre"
"1";"mayst"
"1";"meads"
"1";"meanest"
"2";"meaning"
"2";"measure"
"1";"meat"
"1";"meats"
"2";"medicine"
"8";"meet"
"2";"meeting"
"1";"meiny"
"1";"melancholy"
"1";"mell"
"5";"mellon"
"5";"membership"
"1";"memories"
"19";"men"
"1";"menaces"
"2";"mend"
"5";"mercy"
"3";"mere"
"2";"merit"
"1";"merited"
"1";"merits"
"1";"merlin"
"1";"merry"
"1";"mess"
"1";"message"
"5";"messenger"
"3";"messengers"
"1";"messes"
"6";"met"
"1";"metal"
"8";"methinks"
"2";"methought"
"1";"mew"
"2";"mice"
"4";"middle"
"1";"midway"
"1";"mightily"
"2";"mightst"
"2";"mighty"
"1";"mild"
"1";"mildews"
"1";"mildness"
"1";"mile"
"1";"miles"
"2";"milk"
"1";"milky"
"1";"mills"
"1";"minces"
"13";"mind"
"2";"minded"
"1";"minds"
"1";"mingle"
"1";"mingled"
"1";"minikin"
"1";"ministers"
"2";"miracle"
"1";"miracles"
"1";"mire"
"1";"miscarried"
"1";"miscarry"
"3";"mischief"
"1";"misconstruction"
"1";"miscreant"
"1";"miserable"
"2";"miseries"
"4";"misery"
"1";"mist"
"1";"mistaken"
"1";"mistaking"
"1";"mistook"
"8";"mistress"
"1";"mix"
"2";"mock"
"2";"modest"
"2";"modo"
"1";"moe"
"1";"moiety"
"1";"moisten"
"1";"molten"
"1";"moment"
"4";"money"
"3";"mongrel"
"1";"monkeys"
"1";"monopoly"
"1";"monsieur"
"3";"monster"
"3";"monsters"
"3";"monstrous"
"2";"month"
"1";"monthly"
"1";"mood"
"1";"moods"
"6";"moon"
"1";"moons"
"1";"moonshine"
"1";"moonshines"
"1";"mopping"
"1";"moral"
"1";"morning"
"4";"morrow"
"1";"mortality"
"1";"mortar"
"1";"mortified"
"7";"mother"
"1";"motion"
"1";"motive"
"1";"motley"
"1";"moulds"
"1";"mourning"
"1";"mouse"
"6";"mouth"
"1";"mouths"
"4";"mov"
"1";"moves"
"1";"mowing"
"2";"mum"
"1";"mumbling"
"1";"mun"
"1";"murder"
"1";"murderers"
"1";"murderous"
"1";"murmuring"
"6";"murther"
"1";"murtherous"
"2";"music"
"1";"musters"
"1";"musty"
"1";"mutations"
"1";"mutinies"
"1";"mutual"
"1";"mysteries"
"1";"mystery"
"3";"nails"
"4";"naked"
"1";"nakedness"
"2";"nam"
"3";"names"
"1";"nations"
"1";"nativity"
"2";"natural"
"38";"nature"
"2";"natures"
"3";"naught"
"2";"naughty"
"1";"neat"
"1";"necessities"
"3";"necessity"
"3";"neck"
"2";"ned"
"1";"needed"
"2";"needful"
"1";"needless"
"3";"neglect"
"2";"negligence"
"1";"neighbour"
"1";"nero"
"3";"nether"
"1";"nettles"
"1";"neutral"
"8";"news"
"1";"newt"
"2";"nicely"
"38";"night"
"1";"nighted"
"1";"nightingale"
"1";"nightmare"
"1";"nights"
"2";"nimble"
"19";"noble"
"1";"nobleness"
"2";"nobles"
"1";"nobly"
"3";"noise"
"1";"noiseless"
"1";"noises"
"1";"nonny"
"3";"noon"
"3";"nose"
"2";"noses"
"4";"note"
"2";"notice"
"1";"notion"
"1";"numb"
"3";"number"
"17";"nuncle"
"1";"nuptial"
"1";"nurse"
"1";"nursery"
"1";"nursing"
"1";"oak"
"4";"oath"
"1";"oaths"
"1";"oats"
"5";"obedience"
"1";"obedient"
"6";"obey"
"1";"obeyed"
"1";"obidicut"
"3";"object"
"1";"obligation"
"1";"obscured"
"1";"observants"
"1";"observation"
"2";"occasions"
"1";"occupation"
"1";"odds"
"6";"offence"
"1";"offences"
"4";"offend"
"2";"offended"
"1";"offender"
"1";"offensive"
"5";"offer"
"1";"offers"
"5";"office"
"3";"officer"
"2";"officers"
"1";"offices"
"6";"oft"
"1";"oil"
"1";"oily"
"1";"oldest"
"1";"oldness"
"1";"ope"
"5";"open"
"1";"operation"
"1";"operative"
"3";"opinion"
"1";"opportunities"
"3";"oppos"
"2";"oppose"
"1";"opposeless"
"1";"opposites"
"1";"oppress"
"2";"oppressed"
"1";"oppression"
"1";"opulent"
"1";"orbs"
"1";"order"
"1";"ordinance"
"1";"ordinary"
"1";"organs"
"1";"origin"
"38";"osw"
"18";"oswald"
"1";"ounce"
"1";"ourself"
"1";"outface"
"1";"outfrown"
"1";"outjest"
"1";"outlaw"
"1";"outrage"
"1";"outscorn"
"1";"outward"
"1";"overrul"
"2";"overtake"
"1";"overture"
"1";"owe"
"2";"owes"
"1";"owest"
"1";"owl"
"1";"oyster"
"1";"pack"
"1";"packings"
"1";"packs"
"2";"pah"
"4";"pain"
"1";"pains"
"1";"painter"
"6";"palace"
"1";"palaces"
"1";"pander"
"1";"pant"
"1";"panting"
"1";"pantingly"
"7";"paper"
"1";"papers"
"1";"paramour"
"9";"pardon"
"1";"pared"
"1";"parel"
"1";"parent"
"1";"parents"
"1";"parings"
"1";"parricides"
"4";"parted"
"1";"partial"
"1";"particulars"
"4";"parts"
"4";"party"
"7";"pass"
"1";"passio"
"4";"passion"
"1";"paste"
"1";"pastime"
"1";"pat"
"1";"paternal"
"7";"patience"
"4";"patient"
"1";"patiently"
"1";"patrimony"
"2";"patron"
"1";"pattern"
"2";"pawn"
"11";"peace"
"1";"pearls"
"3";"peasant"
"1";"peascod"
"1";"pebble"
"1";"peep"
"1";"pelican"
"1";"pell"
"2";"pelting"
"1";"pen"
"1";"pendulous"
"1";"penning"
"1";"pension"
"1";"pent"
"1";"penury"
"5";"people"
"1";"perceiv"
"2";"perceive"
"2";"perceived"
"4";"perchance"
"1";"perdu"
"1";"perdy"
"2";"perfect"
"5";"perforce"
"1";"perform"
"1";"perfume"
"1";"peril"
"2";"period"
"1";"perjur"
"5";"permission"
"1";"permit"
"1";"pernicious"
"1";"perpendicularly"
"2";"perpetual"
"1";"persecutions"
"1";"persever"
"1";"persian"
"5";"person"
"1";"personae"
"6";"personal"
"2";"persuade"
"1";"persuaded"
"1";"persuades"
"1";"perus"
"1";"peruse"
"1";"pestilent"
"1";"pew"
"3";"philosopher"
"1";"phoebus"
"1";"phrase"
"1";"physic"
"1";"physician"
"1";"pick"
"1";"picture"
"1";"piec"
"4";"piece"
"2";"pieces"
"4";"pierce"
"1";"piercing"
"1";"pight"
"1";"pilf"
"1";"pilgrimage"
"2";"pillicock"
"1";"pillow"
"2";"pin"
"1";"pinch"
"1";"pinched"
"1";"pined"
"1";"pinfold"
"1";"pinion"
"1";"pins"
"1";"pit"
"1";"piteous"
"2";"pitied"
"1";"pities"
"1";"pitiful"
"1";"pitiless"
"10";"pity"
"24";"place"
"1";"places"
"1";"placket"
"6";"plague"
"2";"plagues"
"9";"plain"
"1";"plainly"
"3";"plainness"
"1";"planetary"
"1";"plant"
"1";"plate"
"4";"play"
"1";"player"
"2";"pleas"
"2";"pleasant"
"7";"pleasure"
"2";"pleasures"
"1";"pledge"
"1";"plenteous"
"2";"plight"
"1";"plighted"
"3";"plot"
"7";"pluck"
"1";"plucks"
"1";"plumed"
"1";"pocket"
"1";"pockets"
"4";"point"
"3";"points"
"1";"poise"
"2";"poison"
"2";"poisoned"
"1";"poisons"
"1";"policy"
"1";"politic"
"1";"politician"
"1";"pomp"
"1";"ponder"
"1";"pool"
"48";"poor"
"2";"poorest"
"1";"porridge"
"1";"port"
"1";"portable"
"2";"portend"
"1";"porter"
"1";"portion"
"2";"ports"
"2";"possesses"
"3";"post"
"1";"posted"
"1";"posts"
"1";"potency"
"1";"potential"
"1";"pound"
"1";"pour"
"1";"poverty"
"8";"pow"
"13";"power"
"5";"powers"
"4";"practice"
"1";"practices"
"2";"practis"
"2";"prais"
"2";"praise"
"1";"praises"
"1";"pranks"
"26";"pray"
"2";"prayers"
"1";"pre"
"1";"preach"
"1";"precedent"
"4";"precious"
"1";"precipitating"
"2";"prediction"
"1";"preeminence"
"1";"prefer"
"1";"preferment"
"2";"pregnant"
"2";"preparation"
"2";"prepare"
"1";"prepared"
"1";"presageth"
"1";"prescribe"
"2";"presence"
"1";"presented"
"5";"presently"
"1";"preserv"
"1";"preserve"
"2";"press"
"2";"pretence"
"3";"pretty"
"2";"prevent"
"1";"prevented"
"2";"prey"
"1";"price"
"1";"prick"
"1";"pricks"
"4";"pride"
"1";"priests"
"5";"prince"
"2";"princes"
"1";"princess"
"4";"prison"
"2";"prisoner"
"2";"prisoners"
"13";"prithee"
"1";"private"
"2";"privilege"
"1";"privily"
"2";"prize"
"2";"proceed"
"2";"proceeding"
"5";"proclaim"
"1";"proclamation"
"1";"procure"
"3";"produce"
"3";"profess"
"1";"professed"
"1";"profession"
"1";"profits"
"5";"prohibited"
"5";"project"
"1";"promis"
"1";"promise"
"4";"proof"
"2";"proper"
"1";"property"
"2";"prophecy"
"1";"prophesy"
"1";"prophets"
"1";"propinquity"
"1";"propos"
"4";"prosper"
"1";"protect"
"1";"protection"
"1";"protest"
"9";"prove"
"3";"provision"
"1";"provoke"
"1";"provoking"
"2";"publish"
"1";"pudder"
"1";"puissant"
"1";"pull"
"4";"punish"
"2";"punishment"
"1";"puppet"
"1";"pure"
"2";"purpos"
"11";"purpose"
"3";"purposes"
"1";"purr"
"6";"purse"
"2";"pursue"
"1";"pursued"
"1";"pushes"
"1";"puts"
"1";"pygmy"
"1";"quagmire"
"1";"quakes"
"2";"qualified"
"7";"quality"
"5";"quarrel"
"1";"quarrels"
"1";"queasy"
"5";"queen"
"1";"quench"
"1";"quest"
"7";"question"
"1";"questrists"
"2";"quick"
"1";"quicken"
"3";"quit"
"1";"rabble"
"1";"rack"
"1";"radiance"
"1";"radiant"
"8";"rage"
"1";"rages"
"1";"rageth"
"1";"raggedness"
"1";"raging"
"3";"rags"
"2";"rail"
"1";"rails"
"1";"raiment"
"11";"rain"
"1";"raineth"
"2";"rais"
"1";"raise"
"1";"rake"
"3";"rank"
"1";"ranks"
"1";"ransom"
"1";"rapier"
"1";"rare"
"1";"rarest"
"1";"rarity"
"6";"rascal"
"2";"rash"
"1";"rashness"
"2";"rat"
"2";"rats"
"1";"ratsbane"
"1";"ravish"
"1";"raz"
"10";"read"
"5";"readable"
"1";"reading"
"4";"reads"
"9";"ready"
"2";"realm"
"14";"reason"
"1";"reasons"
"2";"rebel"
"4";"receiv"
"4";"receive"
"1";"received"
"1";"reciprocal"
"1";"reconciles"
"1";"recounting"
"1";"recreant"
"3";"red"
"1";"redeem"
"1";"redeems"
"1";"redress"
"1";"redresses"
"1";"reeking"
"73";"reg"
"32";"regan"
"1";"regard"
"1";"region"
"1";"rein"
"1";"reliev"
"1";"relieve"
"1";"relieved"
"1";"relish"
"4";"remain"
"1";"remainder"
"1";"remediate"
"1";"remedies"
"1";"remedy"
"2";"rememb"
"8";"remember"
"2";"remembers"
"1";"remorse"
"1";"remotion"
"1";"remove"
"1";"renege"
"1";"renounce"
"1";"rent"
"2";"repair"
"1";"repeals"
"1";"repent"
"1";"repents"
"1";"replied"
"3";"report"
"1";"reports"
"1";"reposal"
"2";"repose"
"1";"reprieve"
"1";"reproveable"
"1";"reproving"
"2";"require"
"1";"required"
"1";"requires"
"1";"rescue"
"1";"reserv"
"2";"reservation"
"1";"resign"
"1";"resolution"
"1";"resolve"
"5";"respect"
"1";"respects"
"12";"rest"
"1";"restoration"
"1";"restoring"
"2";"restrain"
"1";"resume"
"2";"retain"
"1";"retention"
"1";"retinue"
"1";"retire"
"1";"retreat"
"14";"return"
"2";"returns"
"1";"reveal"
"2";"revenge"
"1";"revenged"
"2";"revenges"
"1";"revenging"
"4";"revenue"
"1";"revenues"
"1";"reverbs"
"4";"reverence"
"1";"reverend"
"1";"reverent"
"1";"reverse"
"1";"revives"
"1";"revok"
"1";"revoke"
"1";"revolt"
"2";"reward"
"1";"rful"
"4";"rich"
"2";"richer"
"1";"rid"
"1";"riddle"
"5";"ride"
"2";"rightly"
"3";"rights"
"1";"rigour"
"3";"ring"
"2";"rings"
"4";"riotous"
"2";"riots"
"1";"rip"
"1";"ripe"
"1";"ripeness"
"1";"risen"
"2";"rises"
"1";"rish"
"1";"rising"
"1";"rivall"
"1";"rivals"
"1";"rive"
"1";"rivers"
"1";"rless"
"2";"roaring"
"1";"rob"
"1";"robber"
"1";"robed"
"1";"robes"
"1";"rod"
"4";"rogue"
"4";"rogues"
"1";"roguish"
"1";"roofs"
"1";"rosemary"
"1";"rot"
"1";"rotten"
"1";"rotundity"
"2";"rough"
"1";"roughness"
"1";"roundest"
"2";"rous"
"1";"rowland"
"7";"royal"
"1";"royalty"
"1";"rubb"
"1";"rude"
"1";"ruffian"
"2";"ruffle"
"1";"ruin"
"1";"ruinous"
"1";"rul"
"3";"rule"
"1";"rumble"
"2";"running"
"4";"runs"
"1";"rustling"
"1";"sacred"
"1";"sacrifices"
"2";"sad"
"1";"saddle"
"4";"safe"
"2";"safer"
"2";"safety"
"1";"saint"
"2";"sake"
"1";"sallets"
"1";"salt"
"1";"salutations"
"1";"sampire"
"1";"sands"
"1";"sap"
"1";"sapient"
"1";"sarum"
"1";"sat"
"1";"satisfaction"
"2";"saucily"
"1";"saucy"
"2";"sav"
"1";"savage"
"5";"save"
"2";"savour"
"1";"scald"
"1";"scalding"
"2";"scant"
"2";"scanted"
"5";"scape"
"1";"scar"
"7";"scarce"
"4";"scarcely"
"1";"scattered"
"27";"scene"
"1";"school"
"1";"schoolmaster"
"1";"schoolmasters"
"1";"scope"
"1";"score"
"1";"scornful"
"1";"scourg"
"1";"scourge"
"1";"scurvy"
"1";"scythian"
"7";"sea"
"1";"seal"
"1";"search"
"1";"season"
"1";"seasons"
"1";"seconds"
"1";"secret"
"1";"secrets"
"1";"sectary"
"1";"sects"
"1";"secure"
"19";"seek"
"1";"seeking"
"1";"seeks"
"2";"sees"
"1";"seest"
"2";"seize"
"2";"selfsame"
"1";"semblance"
"9";"send"
"1";"sennet"
"5";"sense"
"4";"senses"
"1";"sentence"
"1";"sepulchring"
"1";"sequent"
"3";"serpent"
"11";"serv"
"8";"servant"
"13";"servants"
"9";"serve"
"1";"serves"
"12";"service"
"1";"serviceable"
"5";"services"
"1";"servile"
"1";"servingman"
"2";"sessa"
"1";"session"
"19";"set"
"1";"sets"
"1";"settling"
"1";"sever"
"2";"severally"
"3";"shadow"
"1";"shadowy"
"1";"shaft"
"8";"shake"
"6";"shakespeare"
"1";"shaking"
"1";"shallow"
"12";"shalt"
"1";"sham"
"11";"shame"
"1";"shameful"
"1";"shanks"
"5";"shape"
"4";"sharp"
"1";"sharper"
"1";"sharpness"
"1";"sheal"
"3";"sheep"
"1";"sheepcotes"
"2";"sheets"
"1";"shell"
"1";"shelter"
"1";"shepherd"
"2";"shield"
"1";"shift"
"1";"shines"
"1";"shirts"
"1";"shiver"
"1";"shod"
"1";"shoe"
"1";"shoes"
"1";"shook"
"1";"shoot"
"4";"short"
"1";"shortens"
"1";"shorter"
"2";"shortly"
"1";"shoulder"
"4";"shouldst"
"1";"showest"
"1";"shrill"
"2";"shun"
"1";"shunn"
"4";"shut"
"5";"sick"
"1";"sickly"
"1";"sickness"
"3";"sides"
"1";"sigh"
"10";"sight"
"1";"sights"
"2";"silent"
"1";"silk"
"1";"silks"
"1";"silly"
"1";"simp"
"2";"simple"
"1";"simples"
"1";"simular"
"1";"sin"
"2";"sing"
"1";"singe"
"2";"singing"
"1";"single"
"3";"sings"
"1";"sinn"
"1";"sinning"
"114";"sir"
"10";"sirrah"
"35";"sister"
"12";"sisters"
"7";"sit"
"1";"sith"
"1";"sits"
"1";"sixth"
"1";"sizes"
"2";"skies"
"1";"skill"
"1";"skin"
"1";"skip"
"1";"skirted"
"1";"sky"
"2";"slack"
"4";"slain"
"1";"slanders"
"1";"slaughter"
"14";"slave"
"1";"slaves"
"9";"sleep"
"1";"sleepest"
"3";"sleeps"
"1";"slenderly"
"2";"slept"
"1";"slew"
"1";"slip"
"1";"sliver"
"1";"sloth"
"1";"slower"
"8";"small"
"6";"smell"
"1";"smells"
"1";"smelt"
"1";"smil"
"3";"smile"
"1";"smiles"
"1";"smilets"
"1";"smiling"
"1";"smilingly"
"1";"smokes"
"1";"smooth"
"1";"smug"
"1";"smulkin"
"1";"snail"
"1";"snatching"
"2";"snow"
"1";"snuff"
"1";"snuffs"
"1";"society"
"1";"soft"
"1";"soiled"
"3";"sojourn"
"1";"sol"
"1";"soldier"
"9";"soldiers"
"1";"soliciting"
"1";"solus"
"29";"son"
"1";"songs"
"3";"sons"
"1";"soothe"
"1";"sop"
"1";"sophisticated"
"2";"sore"
"1";"sorely"
"8";"sorrow"
"3";"sorrows"
"1";"sot"
"3";"sought"
"3";"soul"
"12";"sound"
"2";"sounded"
"1";"soundest"
"1";"sounds"
"1";"sovereign"
"1";"sovereignty"
"4";"space"
"3";"spake"
"1";"spaniel"
"1";"spar"
"2";"spare"
"1";"spark"
"1";"sparks"
"1";"sparrow"
"52";"speak"
"3";"speaking"
"3";"speaks"
"1";"special"
"1";"spectacles"
"1";"speculations"
"9";"speech"
"2";"speeches"
"4";"speed"
"2";"speedily"
"4";"speedy"
"1";"spherical"
"2";"spies"
"1";"spill"
"6";"spirit"
"4";"spirits"
"1";"spit"
"1";"spite"
"1";"spits"
"1";"spleen"
"1";"split"
"1";"spoil"
"5";"spoke"
"5";"spoken"
"3";"sport"
"1";"spotted"
"1";"spouse"
"2";"spout"
"1";"spreads"
"1";"sprigs"
"3";"spring"
"1";"spurn"
"1";"spurs"
"2";"spy"
"1";"square"
"1";"squints"
"1";"squiny"
"2";"squire"
"1";"squires"
"1";"stabs"
"2";"stage"
"2";"stain"
"2";"stake"
"1";"stale"
"1";"stamp"
"21";"stand"
"1";"standing"
"12";"stands"
"3";"star"
"1";"stare"
"5";"stars"
"1";"started"
"1";"starts"
"1";"starv"
"10";"stay"
"1";"stealing"
"2";"stealth"
"1";"steeled"
"1";"steep"
"1";"steeples"
"1";"stench"
"2";"step"
"1";"steps"
"1";"sterility"
"1";"stern"
"1";"stew"
"11";"steward"
"2";"stick"
"1";"stiff"
"1";"stile"
"1";"sting"
"1";"stink"
"1";"stinking"
"1";"stir"
"3";"stirs"
"2";"stock"
"2";"stocking"
"12";"stocks"
"1";"stol"
"1";"stomach"
"2";"stone"
"1";"stonecutter"
"2";"stones"
"5";"stood"
"1";"stool"
"1";"stopp"
"1";"stor"
"1";"store"
"16";"storm"
"5";"straight"
"2";"strain"
"10";"strange"
"1";"strangeness"
"2";"stranger"
"1";"stratagem"
"4";"straw"
"1";"stray"
"5";"strength"
"1";"strengths"
"3";"stretch"
"2";"strife"
"11";"strike"
"3";"strikes"
"1";"strings"
"1";"strip"
"1";"stripp"
"1";"strive"
"1";"strives"
"2";"striving"
"2";"stroke"
"1";"strokes"
"4";"strong"
"1";"strove"
"2";"struck"
"1";"strucken"
"1";"stubborn"
"3";"study"
"1";"stuff"
"1";"stumbled"
"1";"stung"
"1";"subcontracted"
"2";"subdu"
"3";"subject"
"2";"subscrib"
"1";"subscription"
"2";"substance"
"1";"succeed"
"1";"success"
"1";"suck"
"1";"sudden"
"2";"suddenly"
"1";"sue"
"4";"suffer"
"1";"sufferance"
"1";"suffering"
"3";"suffers"
"1";"suggestion"
"1";"suit"
"2";"suited"
"1";"suitors"
"1";"suits"
"1";"sulph"
"1";"sulphurous"
"1";"summit"
"1";"summon"
"1";"summoners"
"1";"summons"
"1";"sumpter"
"5";"sun"
"1";"sung"
"1";"suns"
"1";"sunshine"
"2";"superfluous"
"1";"superflux"
"1";"superserviceable"
"1";"supper"
"1";"supply"
"3";"support"
"1";"supposed"
"1";"surfeit"
"1";"surge"
"1";"surgeon"
"1";"surrender"
"1";"suspects"
"2";"suspend"
"1";"suspicion"
"4";"sustain"
"1";"sustaining"
"1";"suum"
"1";"swallows"
"3";"sway"
"1";"sways"
"6";"swear"
"1";"sweat"
"10";"sweet"
"1";"sweeten"
"1";"sweetheart"
"1";"sweetness"
"1";"swell"
"1";"swells"
"1";"swift"
"1";"swim"
"1";"swimming"
"1";"swine"
"1";"swoons"
"17";"sword"
"1";"swore"
"3";"sworn"
"1";"syllable"
"1";"tail"
"3";"tailor"
"1";"tailors"
"1";"taint"
"1";"tak"
"1";"takes"
"3";"tale"
"2";"tales"
"7";"talk"
"2";"tall"
"2";"tame"
"1";"tamely"
"1";"tameness"
"1";"tardiness"
"3";"tarry"
"1";"tart"
"1";"task"
"5";"taste"
"1";"tatter"
"1";"taught"
"1";"tavern"
"1";"tax"
"6";"teach"
"3";"tear"
"1";"tearing"
"10";"tears"
"1";"teem"
"1";"teeth"
"1";"telling"
"1";"tells"
"2";"temper"
"1";"temperance"
"4";"tempest"
"1";"tempt"
"3";"tenant"
"2";"tend"
"4";"tender"
"1";"tenderly"
"1";"tens"
"3";"tent"
"1";"tenth"
"2";"terms"
"2";"terrible"
"1";"territory"
"1";"terror"
"1";"terrors"
"1";"testimony"
"1";"text"
"1";"thankfully"
"1";"thankless"
"1";"theban"
"139";"thee"
"1";"theft"
"1";"thereat"
"1";"therewithal"
"3";"thief"
"1";"thieves"
"26";"thine"
"1";"thinking"
"15";"thought"
"3";"thoughts"
"1";"threading"
"2";"threat"
"1";"threaten"
"1";"threw"
"1";"thrice"
"1";"thrill"
"5";"thrive"
"1";"throat"
"1";"thron"
"1";"throne"
"1";"throngs"
"1";"throughly"
"3";"throw"
"1";"throwest"
"1";"throwing"
"2";"thrown"
"2";"throws"
"1";"thrust"
"1";"thrusting"
"7";"thunder"
"1";"thunderbolts"
"1";"thunders"
"1";"thwart"
"158";"thy"
"5";"thyself"
"1";"tie"
"3";"tied"
"1";"tigers"
"35";"time"
"1";"times"
"1";"tiny"
"1";"tired"
"53";"tis"
"2";"tithing"
"2";"title"
"1";"titles"
"2";"toad"
"1";"toasted"
"1";"todpole"
"1";"toe"
"1";"token"
"11";"told"
"23";"tom"
"1";"tomb"
"5";"tongue"
"2";"tongues"
"4";"tooth"
"1";"topple"
"1";"torch"
"3";"torches"
"1";"torment"
"1";"toss"
"3";"touch"
"1";"touches"
"1";"toucheth"
"2";"tough"
"1";"tower"
"1";"town"
"1";"towns"
"3";"trade"
"1";"tragedy"
"7";"train"
"14";"traitor"
"1";"traitorous"
"2";"traitors"
"1";"tranc"
"1";"transform"
"1";"transport"
"2";"travell"
"1";"tray"
"1";"treacherous"
"1";"treachers"
"2";"treachery"
"1";"tread"
"4";"treason"
"3";"treasons"
"1";"treasury"
"2";"tree"
"2";"tremble"
"1";"trespass"
"1";"trespasses"
"2";"trial"
"1";"tribe"
"1";"trice"
"1";"trick"
"1";"tricks"
"3";"trifle"
"1";"trill"
"3";"tripp"
"1";"trips"
"2";"troop"
"1";"troops"
"1";"trot"
"1";"troth"
"1";"trotting"
"4";"trouble"
"1";"trowest"
"17";"true"
"14";"trumpet"
"3";"trumpets"
"1";"trundle"
"2";"trunk"
"7";"trust"
"1";"trusts"
"1";"trusty"
"7";"truth"
"2";"tucket"
"1";"tune"
"1";"turk"
"1";"turlygod"
"15";"turn"
"3";"turns"
"1";"tutors"
"3";"twain"
"6";"twas"
"2";"tween"
"2";"twill"
"1";"twinkled"
"4";"twixt"
"2";"twould"
"1";"tyke"
"1";"tyrannous"
"2";"tyranny"
"1";"tyrant"
"1";"ugly"
"1";"unable"
"1";"unaccommodated"
"1";"unbolted"
"1";"unbonneted"
"1";"unburthen"
"1";"unbutton"
"1";"uncaught"
"1";"unchaste"
"1";"unconstant"
"1";"uncover"
"3";"understand"
"1";"understanding"
"1";"undertake"
"1";"undivulged"
"2";"undo"
"1";"undone"
"1";"unfed"
"1";"unfeed"
"1";"unfitness"
"1";"unfold"
"1";"unfortunate"
"1";"unfriended"
"1";"ungovern"
"1";"ungracious"
"1";"unhappily"
"2";"unhappy"
"5";"university"
"2";"unkind"
"4";"unkindness"
"1";"unknown"
"1";"unloose"
"1";"unmannerly"
"1";"unmerciful"
"7";"unnatural"
"1";"unnaturalness"
"2";"unnecessary"
"1";"unnumb"
"1";"unpossessing"
"1";"unpriz"
"1";"unprovided"
"1";"unpublish"
"1";"unquietly"
"1";"unremovable"
"1";"unruly"
"1";"unsanctified"
"1";"unseal"
"1";"unsettle"
"1";"unsightly"
"1";"unspoke"
"1";"unstate"
"1";"unsubstantial"
"1";"untender"
"1";"untented"
"2";"untimely"
"1";"untun"
"1";"unusual"
"1";"unwhipp"
"1";"upbraids"
"1";"upright"
"3";"upward"
"1";"urg"
"1";"urges"
"1";"ursa"
"1";"usage"
"1";"usurer"
"1";"usurers"
"1";"usurp"
"1";"usurps"
"1";"utter"
"3";"vain"
"2";"valiant"
"1";"validity"
"2";"valour"
"2";"valued"
"1";"values"
"1";"vanity"
"1";"vanquish"
"1";"vantage"
"2";"varlet"
"1";"vary"
"1";"vassal"
"1";"vault"
"1";"vaunt"
"1";"venge"
"4";"vengeance"
"1";"vengeances"
"1";"venomously"
"1";"vent"
"1";"ventur"
"1";"venture"
"1";"verbal"
"2";"verge"
"1";"verity"
"1";"vermin"
"5";"version"
"2";"vex"
"1";"vexes"
"3";"vices"
"2";"vicious"
"1";"victor"
"1";"victory"
"1";"view"
"1";"vigilance"
"2";"vii"
"7";"vile"
"1";"villages"
"20";"villain"
"1";"villainous"
"2";"villains"
"1";"vines"
"2";"violent"
"1";"violently"
"7";"virtue"
"2";"virtues"
"1";"virtuous"
"2";"visage"
"1";"visible"
"1";"visit"
"5";"voice"
"1";"voices"
"1";"voke"
"1";"vor"
"1";"vore"
"1";"vortnight"
"1";"vouch"
"1";"vouchsafe"
"1";"vow"
"1";"vows"
"1";"vulgar"
"1";"vulture"
"1";"vurther"
"2";"wage"
"1";"wages"
"1";"wagtail"
"1";"wail"
"1";"waist"
"1";"waiting"
"3";"wak"
"3";"wake"
"2";"wakes"
"1";"wakest"
"1";"waking"
"3";"walk"
"1";"walking"
"1";"walks"
"3";"wall"
"2";"walls"
"1";"wanderers"
"1";"wanted"
"1";"wanton"
"1";"wantons"
"2";"war"
"1";"ward"
"1";"warlike"
"5";"warm"
"1";"warmth"
"1";"warp"
"2";"warrant"
"1";"warring"
"1";"wars"
"1";"wash"
"5";"wast"
"1";"waste"
"1";"wat"
"2";"watch"
"1";"watches"
"6";"water"
"1";"waterpots"
"2";"waters"
"1";"wav"
"1";"wawl"
"1";"wax"
"2";"ways"
"1";"waywardness"
"3";"weak"
"1";"weakens"
"1";"weal"
"1";"wealth"
"3";"weapons"
"10";"wear"
"3";"wears"
"4";"weary"
"2";"weather"
"1";"weaves"
"1";"web"
"4";"weeds"
"9";"weep"
"1";"weeping"
"1";"weigh"
"1";"weight"
"1";"wenches"
"2";"wert"
"2";"wet"
"1";"wheat"
"4";"wheel"
"1";"whelk"
"7";"wherefore"
"5";"whereof"
"1";"wheresoe"
"2";"whereto"
"2";"whiles"
"1";"whining"
"2";"whip"
"7";"whipp"
"1";"whirlpool"
"1";"whirlwinds"
"1";"whisper"
"2";"whistle"
"10";"white"
"1";"whites"
"2";"wholesome"
"1";"whoop"
"5";"whore"
"1";"whores"
"5";"whoreson"
"3";"wicked"
"2";"wickedness"
"2";"wide"
"2";"widow"
"1";"wield"
"7";"wife"
"3";"wild"
"1";"wilful"
"6";"william"
"1";"wills"
"6";"wilt"
"1";"win"
"12";"wind"
"1";"window"
"4";"winds"
"1";"wine"
"1";"wing"
"1";"winged"
"1";"wins"
"2";"winter"
"2";"wipe"
"10";"wisdom"
"9";"wise"
"1";"wishes"
"6";"wit"
"1";"witch"
"1";"withal"
"1";"withdraw"
"1";"wither"
"1";"withold"
"1";"witness"
"10";"wits"
"3";"woe"
"2";"woes"
"1";"woful"
"4";"wolf"
"1";"wolves"
"1";"wolvish"
"9";"woman"
"2";"womb"
"4";"women"
"2";"wont"
"2";"wooden"
"1";"wool"
"13";"word"
"1";"wore"
"4";"work"
"1";"working"
"5";"works"
"2";"worm"
"9";"worse"
"2";"worser"
"1";"worships"
"10";"worst"
"1";"worsted"
"9";"worth"
"1";"worthied"
"1";"worthier"
"2";"worthy"
"6";"wouldst"
"1";"woundings"
"1";"wrap"
"3";"wrath"
"1";"wrathful"
"1";"wreath"
"1";"wren"
"1";"wrench"
"4";"wretch"
"3";"wretched"
"1";"wretchedness"
"3";"wretches"
"1";"wrinkles"
"5";"writ"
"4";"write"
"1";"writes"
"10";"wrong"
"3";"wrongs"
"1";"wrote"
"1";"wrought"
"1";"yard"
"3";"yea"
"4";"year"
"4";"years"
"3";"yeoman"
"3";"yield"
"1";"yields"
"1";"yokefellow"
"4";"yond"
"10";"young"
"2";"younger"
"3";"youngest"
"2";"youth"
"1";"zed"
"2";"zir"
"1";"zwagger"
