"1";"abandon"
"3";"abhor"
"2";"abilities"
"1";"ability"
"1";"aboard"
"1";"abode"
"3";"absence"
"2";"absent"
"2";"absolute"
"4";"abus"
"5";"abuse"
"4";"abused"
"1";"abuser"
"1";"abuses"
"1";"accent"
"1";"acceptance"
"1";"access"
"3";"accident"
"2";"accidents"
"1";"accommodation"
"1";"account"
"1";"accountant"
"1";"accumulate"
"1";"acerb"
"1";"ache"
"1";"aches"
"1";"achiev"
"1";"acknown"
"2";"acquaintance"
"1";"acquainted"
"7";"action"
"1";"actions"
"1";"actual"
"1";"add"
"1";"addiction"
"3";"addition"
"4";"adieu"
"1";"admirable"
"1";"adopt"
"5";"advantage"
"1";"advantages"
"1";"adversities"
"1";"advice"
"1";"advis"
"1";"advise"
"1";"advocation"
"1";"aerial"
"2";"affair"
"6";"affairs"
"1";"affect"
"3";"affection"
"2";"affections"
"2";"affin"
"1";"affinity"
"1";"affliction"
"1";"affordeth"
"1";"affright"
"1";"affrighted"
"1";"afore"
"1";"afraid"
"1";"age"
"1";"agnize"
"2";"aim"
"4";"air"
"1";"alabaster"
"1";"alack"
"1";"alacrity"
"1";"alarm"
"25";"alas"
"1";"albeit"
"1";"alehouse"
"1";"aleppo"
"2";"alive"
"2";"allowance"
"1";"allowed"
"1";"almain"
"1";"alms"
"2";"aloud"
"1";"alter"
"1";"alteration"
"1";"altogether"
"1";"amaz"
"1";"amazed"
"1";"ambition"
"4";"amen"
"1";"amend"
"1";"amends"
"1";"amiable"
"2";"amiss"
"1";"amorous"
"10";"ancient"
"1";"anew"
"2";"angel"
"1";"angelo"
"2";"anger"
"6";"angry"
"1";"anguish"
"4";"anon"
"11";"answer"
"1";"answerable"
"1";"anthropophagi"
"1";"anticipates"
"1";"antique"
"1";"antres"
"2";"appearance"
"2";"appeared"
"2";"appears"
"3";"appetite"
"1";"appetites"
"1";"applause"
"2";"apprehend"
"1";"apprehensions"
"3";"approv"
"5";"approve"
"1";"approved"
"4";"apt"
"1";"arabian"
"1";"arch"
"1";"argues"
"1";"ariseth"
"1";"arithmetician"
"3";"arm"
"2";"arms"
"1";"arraigning"
"1";"arriv"
"1";"arrivance"
"2";"arrived"
"20";"art"
"3";"article"
"1";"arts"
"1";"ashore"
"2";"asleep"
"1";"aspics"
"2";"ass"
"1";"assails"
"1";"assault"
"2";"assay"
"1";"assays"
"1";"asses"
"1";"assign"
"1";"assist"
"2";"assur"
"2";"assure"
"2";"assured"
"1";"atone"
"1";"attach"
"4";"attempt"
"4";"attend"
"1";"attendant"
"13";"attendants"
"1";"attended"
"2";"attending"
"1";"attends"
"6";"aught"
"1";"auld"
"2";"authority"
"2";"avaunt"
"2";"awake"
"5";"awhile"
"1";"awooing"
"1";"babes"
"1";"baboon"
"1";"backs"
"5";"bad"
"6";"bade"
"1";"bag"
"1";"bags"
"1";"balance"
"2";"balmy"
"1";"bang"
"1";"banish"
"1";"bank"
"1";"banner"
"1";"baptism"
"2";"barbara"
"1";"barbarian"
"1";"barbarous"
"1";"barbary"
"3";"bare"
"1";"barefoot"
"1";"bargain"
"2";"bark"
"5";"base"
"2";"baseness"
"2";"battle"
"1";"battlements"
"1";"battles"
"1";"bauble"
"1";"bawd"
"1";"bawdy"
"2";"bay"
"16";"bear"
"2";"beard"
"1";"bearded"
"2";"bearing"
"3";"bears"
"4";"beast"
"1";"beasts"
"4";"beat"
"1";"beaten"
"1";"beauties"
"5";"beauty"
"1";"beckons"
"22";"bed"
"1";"bedchamber"
"2";"beds"
"1";"beer"
"1";"befall"
"1";"befallen"
"1";"beg"
"3";"began"
"1";"begg"
"1";"beggar"
"1";"beggarly"
"1";"begot"
"1";"begrim"
"1";"beguil"
"4";"beguile"
"1";"beguiled"
"2";"behalf"
"1";"behav"
"1";"behavior"
"5";"behold"
"1";"belch"
"1";"belee"
"2";"belie"
"1";"belief"
"1";"believ"
"1";"belike"
"5";"bell"
"1";"bellied"
"1";"bells"
"1";"belong"
"1";"beloved"
"1";"bending"
"2";"beneath"
"1";"beneficial"
"2";"benefit"
"1";"bereft"
"13";"beseech"
"3";"beshrew"
"1";"besort"
"1";"bestial"
"3";"bestow"
"1";"bestows"
"1";"bethink"
"2";"betimes"
"2";"betray"
"2";"betwixt"
"1";"beware"
"1";"bewhor"
"28";"bianca"
"8";"bid"
"1";"bidding"
"1";"big"
"1";"billeted"
"1";"billow"
"2";"bind"
"1";"birdlime"
"2";"birth"
"2";"bitter"
"1";"bitterness"
"1";"blab"
"8";"black"
"1";"blacker"
"1";"blackest"
"1";"blackness"
"7";"blame"
"1";"blank"
"1";"blast"
"1";"blazoning"
"3";"bleed"
"5";"bless"
"4";"blessed"
"1";"blest"
"2";"blind"
"2";"bliss"
"13";"blood"
"9";"bloody"
"1";"blossom"
"1";"blotted"
"4";"blow"
"1";"blowing"
"2";"blown"
"1";"blue"
"1";"blush"
"1";"board"
"1";"boarded"
"1";"boast"
"1";"boasting"
"1";"boat"
"1";"bobb"
"2";"bode"
"1";"bodies"
"1";"bodily"
"1";"boding"
"5";"body"
"1";"boisterous"
"8";"bold"
"1";"bolster"
"1";"bombast"
"1";"bond"
"1";"bondage"
"1";"bones"
"1";"bonfires"
"2";"book"
"1";"bookish"
"1";"boon"
"1";"bootless"
"4";"born"
"1";"borne"
"1";"borrow"
"5";"bosom"
"1";"bottle"
"1";"bought"
"9";"bound"
"3";"bounteous"
"1";"bounty"
"1";"boyish"
"1";"boys"
"47";"brabantio"
"2";"brace"
"1";"bragging"
"2";"brain"
"4";"brains"
"4";"brave"
"1";"bravery"
"2";"brawl"
"1";"brawler"
"2";"breach"
"1";"bread"
"1";"breadth"
"2";"break"
"1";"breaks"
"3";"breast"
"5";"breath"
"1";"breathe"
"1";"breaths"
"1";"breeches"
"3";"breed"
"2";"breeding"
"1";"breeds"
"1";"bridal"
"1";"bride"
"1";"bright"
"1";"brimful"
"1";"brimstone"
"16";"bring"
"1";"broil"
"1";"broke"
"2";"broken"
"1";"brook"
"4";"brother"
"1";"brothers"
"4";"brought"
"2";"brow"
"1";"bruis"
"2";"build"
"1";"bulk"
"2";"burn"
"4";"burning"
"1";"burst"
"12";"business"
"3";"busy"
"1";"butt"
"1";"buys"
"1";"cable"
"1";"cables"
"1";"caesar"
"2";"caitiff"
"1";"callet"
"1";"calling"
"1";"calls"
"1";"calm"
"1";"calms"
"1";"camp"
"2";"canakin"
"1";"cannibals"
"1";"cannon"
"4";"canst"
"1";"cap"
"1";"capable"
"1";"cape"
"1";"capp"
"1";"caps"
"3";"captain"
"1";"captains"
"1";"captivity"
"1";"carack"
"4";"care"
"1";"carefully"
"1";"carnal"
"1";"carous"
"1";"carried"
"1";"carry"
"1";"carve"
"1";"case"
"2";"cases"
"2";"cashier"
"254";"cassio"
"5";"cast"
"1";"caster"
"1";"castigation"
"10";"castle"
"1";"catch"
"1";"catechize"
"2";"cats"
"1";"caught"
"1";"celebration"
"3";"censure"
"1";"certes"
"1";"chains"
"6";"chair"
"2";"challenge"
"7";"chamber"
"1";"chamberers"
"2";"chance"
"1";"chances"
"1";"chang"
"8";"change"
"1";"changeable"
"1";"changed"
"1";"chaos"
"5";"charge"
"2";"charged"
"2";"charity"
"2";"charm"
"1";"charmer"
"4";"charms"
"1";"charter"
"1";"chase"
"5";"chaste"
"1";"chastity"
"3";"check"
"1";"checks"
"1";"cheeks"
"1";"cherubin"
"1";"chid"
"1";"chidden"
"2";"chide"
"1";"chides"
"1";"chiding"
"3";"child"
"2";"choice"
"1";"choke"
"1";"choler"
"1";"choose"
"1";"chop"
"2";"chose"
"3";"christian"
"1";"chronicle"
"1";"chrysolite"
"2";"chuck"
"1";"cinders"
"1";"circumcised"
"1";"circumscription"
"1";"circumstanc"
"3";"circumstance"
"1";"circumstances"
"1";"cistern"
"5";"citadel"
"1";"cities"
"1";"citizens"
"2";"city"
"3";"civil"
"1";"civility"
"1";"clamors"
"1";"clamour"
"1";"clasps"
"1";"clean"
"1";"clear"
"1";"climate"
"1";"climb"
"1";"clime"
"4";"clink"
"1";"clip"
"1";"cloak"
"1";"clock"
"1";"clog"
"1";"clogs"
"4";"close"
"1";"closet"
"1";"clothe"
"1";"clothes"
"1";"clouds"
"18";"clown"
"1";"clyster"
"1";"coat"
"1";"coats"
"1";"cod"
"1";"coffers"
"1";"cogging"
"2";"cold"
"1";"coldness"
"1";"collied"
"1";"coloquintida"
"1";"color"
"5";"comfort"
"3";"comforts"
"4";"coming"
"7";"command"
"2";"commanded"
"1";"commander"
"1";"commands"
"1";"commencement"
"1";"commend"
"3";"commission"
"6";"committed"
"3";"common"
"1";"commoner"
"1";"commonly"
"1";"companions"
"5";"company"
"3";"compass"
"1";"compasses"
"1";"compassing"
"1";"compel"
"1";"complaints"
"1";"complement"
"1";"complete"
"2";"complexion"
"1";"comply"
"1";"composition"
"1";"compt"
"1";"compulsive"
"1";"conceit"
"2";"conceits"
"1";"conceive"
"2";"conception"
"2";"concerns"
"4";"conclusion"
"1";"conclusions"
"4";"condition"
"3";"conduct"
"17";"confess"
"1";"confessions"
"1";"confidence"
"2";"confine"
"1";"confirm"
"1";"confirmations"
"1";"confus"
"1";"congregated"
"1";"conjunctive"
"2";"conjur"
"1";"conjuration"
"3";"conscience"
"1";"conscionable"
"1";"consecrate"
"3";"consent"
"1";"consequence"
"1";"conserv"
"1";"conspire"
"1";"constant"
"1";"construe"
"2";"consuls"
"1";"contaminated"
"1";"contemplation"
"13";"content"
"1";"contention"
"1";"continuate"
"1";"continue"
"1";"continues"
"1";"contract"
"1";"contrary"
"1";"contriv"
"1";"control"
"1";"conveniences"
"1";"conveniency"
"1";"conversation"
"1";"converse"
"1";"conveyance"
"1";"convinced"
"1";"cool"
"1";"cope"
"1";"copied"
"1";"cords"
"1";"corner"
"1";"corrigible"
"1";"corrupt"
"2";"corrupted"
"2";"cost"
"3";"couch"
"1";"cough"
"1";"couldst"
"3";"council"
"4";"counsel"
"1";"counsellor"
"1";"counter"
"2";"counterfeit"
"1";"counterfeits"
"6";"country"
"1";"countryman"
"1";"courage"
"1";"coursers"
"2";"courses"
"3";"court"
"5";"courtesy"
"1";"courtship"
"2";"cousin"
"1";"cousins"
"1";"covered"
"1";"coxcomb"
"1";"cozening"
"1";"crack"
"1";"cradle"
"1";"craftily"
"1";"crave"
"1";"create"
"1";"creation"
"6";"creature"
"2";"creatures"
"4";"credit"
"1";"creditor"
"1";"credulous"
"3";"cried"
"1";"criedst"
"2";"cries"
"1";"crime"
"1";"critical"
"1";"crocodile"
"1";"crooking"
"2";"crown"
"3";"cruel"
"1";"cruelty"
"1";"crusadoes"
"3";"crying"
"4";"cuckold"
"1";"cudgelled"
"1";"cue"
"6";"cunning"
"4";"cup"
"1";"cupid"
"1";"cups"
"3";"cure"
"1";"curled"
"2";"current"
"4";"curse"
"3";"cursed"
"1";"curtains"
"1";"custody"
"3";"custom"
"1";"customer"
"2";"cut"
"1";"cuts"
"35";"cyprus"
"1";"daffest"
"1";"daily"
"1";"dam"
"1";"dames"
"10";"damn"
"2";"damnation"
"6";"damned"
"1";"dance"
"1";"dances"
"2";"dane"
"2";"danger"
"2";"dangerous"
"2";"dangers"
"3";"dark"
"1";"darling"
"1";"darlings"
"1";"dart"
"1";"dash"
"15";"daughter"
"1";"daughters"
"1";"daws"
"8";"day"
"6";"days"
"15";"dead"
"1";"deadly"
"1";"dealest"
"1";"dealings"
"1";"dealt"
"16";"dear"
"1";"dearest"
"1";"dearly"
"15";"death"
"1";"debitor"
"2";"deceiv"
"2";"deceive"
"1";"deceives"
"1";"declin"
"7";"deed"
"4";"deeds"
"1";"deep"
"2";"defeat"
"1";"defective"
"1";"defence"
"4";"defend"
"1";"deficient"
"1";"defunct"
"3";"degree"
"1";"degrees"
"1";"delations"
"2";"delay"
"6";"delicate"
"3";"delight"
"2";"delighted"
"4";"deliver"
"1";"delivered"
"1";"deluding"
"2";"demand"
"1";"demanded"
"1";"demerits"
"1";"demi"
"1";"demonstrable"
"2";"demonstrate"
"1";"denies"
"1";"denote"
"1";"denoted"
"1";"denotement"
"5";"deny"
"1";"depend"
"1";"depended"
"1";"depends"
"1";"depth"
"1";"depute"
"1";"deputing"
"1";"description"
"1";"descry"
"3";"desdemon"
"227";"desdemona"
"1";"deserts"
"1";"deserv"
"1";"deserve"
"3";"deserving"
"1";"designment"
"1";"desir"
"2";"desire"
"4";"desires"
"4";"despatch"
"3";"desperate"
"2";"despise"
"2";"despised"
"1";"destiny"
"1";"destruction"
"1";"determin"
"1";"determinate"
"1";"determine"
"1";"devesting"
"2";"device"
"22";"devil"
"1";"devilish"
"5";"devils"
"1";"devis"
"3";"devise"
"1";"devoted"
"1";"devotion"
"1";"devour"
"1";"devout"
"1";"dew"
"1";"diablo"
"1";"dial"
"1";"dian"
"8";"didst"
"14";"die"
"1";"died"
"4";"dies"
"2";"diest"
"2";"diet"
"1";"difference"
"1";"difficult"
"1";"difficulty"
"1";"dilate"
"1";"dilatory"
"1";"dine"
"2";"dinner"
"1";"dire"
"2";"direct"
"3";"direction"
"1";"direful"
"1";"dirt"
"1";"disastrous"
"1";"discarded"
"2";"discern"
"1";"discharge"
"1";"discipline"
"1";"disclose"
"1";"discontented"
"1";"discords"
"4";"discourse"
"1";"discover"
"1";"discreet"
"2";"discretion"
"1";"disembark"
"1";"dishes"
"1";"dislikes"
"2";"disloyal"
"1";"dismay"
"3";"dismiss"
"1";"displanting"
"1";"displease"
"4";"displeasure"
"1";"disports"
"1";"dispose"
"3";"disposition"
"1";"dispraisingly"
"2";"disproportion"
"1";"disprove"
"1";"disputed"
"1";"disrelish"
"1";"dissemble"
"5";"distance"
"1";"distaste"
"1";"distempering"
"2";"distinctly"
"1";"distinguish"
"1";"distract"
"1";"distracted"
"1";"distressful"
"1";"divided"
"2";"divine"
"1";"divinity"
"2";"division"
"1";"divorce"
"1";"divorcement"
"7";"dog"
"1";"dolt"
"1";"domestic"
"6";"door"
"3";"doors"
"29";"dost"
"1";"dotage"
"1";"dote"
"2";"dotes"
"17";"doth"
"1";"doting"
"4";"double"
"8";"doubt"
"1";"doubtless"
"1";"doubts"
"1";"downright"
"2";"dozen"
"1";"dram"
"1";"draughts"
"9";"draw"
"1";"draws"
"1";"dread"
"1";"dreadful"
"5";"dream"
"2";"dress"
"1";"drew"
"1";"dries"
"5";"drink"
"2";"drinking"
"2";"drinks"
"2";"driven"
"1";"driving"
"4";"drop"
"1";"dropp"
"1";"drops"
"6";"drown"
"1";"drowned"
"3";"drowning"
"1";"drowsy"
"2";"drugs"
"1";"drum"
"12";"drunk"
"1";"drunkard"
"1";"drunkards"
"1";"drunken"
"1";"drunkenness"
"3";"dst"
"1";"duck"
"39";"duke"
"4";"dull"
"1";"dullness"
"1";"dungeon"
"1";"durst"
"1";"duteous"
"2";"duties"
"11";"duty"
"2";"dwell"
"1";"dying"
"7";"ear"
"1";"earliest"
"1";"early"
"1";"earn"
"2";"earnest"
"1";"earnestness"
"3";"ears"
"4";"earth"
"2";"ease"
"2";"easily"
"1";"east"
"2";"easy"
"2";"eat"
"1";"eaten"
"2";"ebb"
"1";"echoes"
"1";"eclipse"
"1";"ecstasy"
"1";"edified"
"2";"education"
"1";"effects"
"1";"egregiously"
"1";"egyptian"
"1";"elbow"
"1";"election"
"4";"elements"
"1";"embark"
"1";"embay"
"1";"embraced"
"137";"emilia"
"1";"eminently"
"1";"emperor"
"1";"employ"
"1";"encave"
"1";"enchafed"
"1";"enchanted"
"1";"ended"
"3";"endure"
"3";"enemy"
"1";"enfetter"
"2";"enforce"
"1";"engage"
"1";"engender"
"2";"engines"
"2";"england"
"1";"english"
"1";"englishman"
"1";"engluts"
"2";"enjoy"
"1";"enmesh"
"1";"enriches"
"1";"enshelter"
"1";"ensnar"
"1";"ensnare"
"1";"ensteep"
"1";"ensue"
"64";"enter"
"2";"entertainment"
"1";"entire"
"4";"entreat"
"2";"entreats"
"1";"enwheel"
"1";"epilepsy"
"1";"epithets"
"1";"equinox"
"1";"equivocal"
"1";"erbearing"
"4";"ere"
"2";"err"
"2";"erring"
"3";"error"
"2";"errs"
"1";"erwhelmed"
"1";"escape"
"1";"especial"
"1";"essence"
"1";"essential"
"1";"esteems"
"1";"estimation"
"2";"eternal"
"1";"evades"
"1";"events"
"3";"evil"
"1";"evils"
"1";"ewe"
"1";"examples"
"1";"exceed"
"1";"exceeding"
"1";"exceedingly"
"5";"excellent"
"1";"excelling"
"1";"excels"
"1";"exception"
"1";"excess"
"1";"exchange"
"1";"exclaim"
"1";"excuse"
"1";"execute"
"1";"execution"
"2";"exercise"
"23";"exeunt"
"2";"exhibition"
"1";"exist"
"37";"exit"
"1";"expectancy"
"1";"expectation"
"1";"expectations"
"1";"expedition"
"1";"expend"
"1";"experience"
"2";"expert"
"1";"expostulate"
"1";"express"
"2";"exquisite"
"1";"exsufflicate"
"1";"extend"
"1";"extent"
"1";"extenuate"
"1";"extern"
"1";"extincted"
"1";"extravagant"
"1";"extreme"
"1";"extremity"
"11";"eye"
"12";"eyes"
"1";"fable"
"7";"face"
"1";"facile"
"1";"facility"
"1";"fail"
"1";"failing"
"2";"fain"
"2";"faintly"
"1";"faints"
"22";"fair"
"1";"fairness"
"21";"faith"
"12";"fall"
"1";"fallen"
"1";"falling"
"5";"falls"
"17";"false"
"3";"falsely"
"2";"fame"
"2";"familiar"
"1";"family"
"1";"fan"
"2";"fancies"
"1";"fancy"
"1";"fantastical"
"1";"fantasy"
"16";"farewell"
"2";"fashion"
"3";"fast"
"1";"fasten"
"1";"fasting"
"2";"fatal"
"6";"fate"
"1";"fated"
"19";"father"
"1";"fathers"
"1";"fathom"
"4";"fault"
"2";"faults"
"6";"favour"
"1";"favourable"
"1";"favourably"
"21";"fear"
"2";"fearful"
"2";"fears"
"1";"feasting"
"1";"feather"
"1";"feats"
"1";"fed"
"2";"feed"
"2";"feeds"
"3";"feel"
"1";"feels"
"1";"feet"
"3";"fell"
"9";"fellow"
"2";"fellows"
"1";"fellowship"
"2";"felt"
"1";"fertile"
"8";"fetch"
"7";"fie"
"3";"field"
"1";"fiend"
"1";"fiends"
"1";"fife"
"2";"fig"
"2";"fight"
"2";"figure"
"1";"filch"
"1";"filches"
"1";"filled"
"2";"fills"
"1";"filth"
"2";"filthy"
"1";"finder"
"2";"fine"
"1";"fineless"
"3";"finger"
"2";"fingers"
"1";"firm"
"8";"fit"
"1";"fitchew"
"1";"fits"
"2";"fixed"
"1";"flag"
"1";"flaming"
"1";"flattery"
"2";"fled"
"1";"fleers"
"6";"fleet"
"2";"flies"
"1";"flinty"
"1";"flock"
"4";"flood"
"1";"florence"
"2";"florentine"
"1";"flowing"
"1";"fluster"
"2";"fly"
"1";"foaming"
"1";"foams"
"1";"fobbed"
"1";"foe"
"2";"foh"
"7";"follow"
"3";"folly"
"5";"fond"
"2";"food"
"12";"fool"
"8";"foolish"
"1";"foolishly"
"4";"fools"
"1";"foot"
"1";"footing"
"2";"forbear"
"4";"forbid"
"1";"forc"
"1";"forced"
"1";"fordoes"
"2";"fore"
"1";"foregone"
"1";"forehead"
"1";"foreign"
"2";"forfend"
"1";"forges"
"3";"forget"
"2";"forgive"
"4";"forgot"
"1";"forked"
"3";"form"
"2";"forms"
"2";"forsake"
"1";"forsook"
"1";"forsooth"
"1";"forswear"
"1";"forthwith"
"1";"fortification"
"1";"fortitude"
"1";"fortunately"
"12";"fortune"
"9";"fortunes"
"18";"foul"
"1";"fouler"
"1";"founded"
"1";"fountain"
"2";"fourth"
"2";"frail"
"2";"frailty"
"2";"fram"
"1";"frame"
"2";"frank"
"1";"franker"
"1";"frankly"
"1";"fraught"
"16";"free"
"5";"freely"
"5";"fresh"
"18";"friend"
"1";"friendly"
"7";"friends"
"1";"friendship"
"2";"fright"
"1";"frights"
"1";"frize"
"1";"frowns"
"1";"fruit"
"1";"fruitful"
"1";"fruitfulness"
"2";"fruits"
"1";"fuller"
"1";"fulsome"
"2";"function"
"1";"furnish"
"2";"fury"
"1";"fustian"
"1";"futurity"
"3";"gain"
"1";"gainst"
"1";"gait"
"3";"gall"
"2";"gallants"
"3";"galleys"
"1";"galls"
"1";"game"
"1";"gape"
"1";"garb"
"1";"garden"
"1";"gardeners"
"1";"gardens"
"1";"garland"
"1";"garner"
"1";"garter"
"1";"gastness"
"2";"gate"
"1";"gav"
"1";"gay"
"1";"gaze"
"2";"gender"
"33";"general"
"1";"generous"
"1";"gennets"
"10";"gentle"
"20";"gentleman"
"17";"gentlemen"
"1";"gentler"
"1";"gentlewoman"
"1";"german"
"1";"germans"
"2";"gesture"
"1";"gestures"
"1";"gibes"
"2";"gift"
"1";"gifts"
"2";"girl"
"1";"giv"
"9";"glad"
"1";"gladly"
"1";"globe"
"2";"glorious"
"1";"gloss"
"2";"gloves"
"3";"gnaw"
"1";"goat"
"2";"goats"
"10";"god"
"1";"godliness"
"1";"gods"
"3";"gold"
"1";"gondolier"
"92";"good"
"2";"goodly"
"3";"goodness"
"1";"gorge"
"3";"government"
"3";"governor"
"2";"gown"
"1";"gowns"
"12";"grace"
"1";"graces"
"3";"gracious"
"1";"gradation"
"1";"grain"
"1";"grandsire"
"1";"grange"
"3";"grant"
"2";"granted"
"1";"grapes"
"27";"gratiano"
"1";"gratify"
"5";"grave"
"1";"gravity"
"1";"graze"
"24";"great"
"2";"greater"
"1";"greatest"
"1";"greatly"
"1";"greedy"
"4";"green"
"3";"greet"
"1";"greeting"
"1";"grew"
"7";"grief"
"1";"griefs"
"1";"grievance"
"1";"grieves"
"1";"grieving"
"1";"grievous"
"1";"grievously"
"2";"grim"
"1";"gripe"
"1";"grise"
"2";"groan"
"1";"groom"
"6";"gross"
"1";"grosser"
"1";"grossly"
"2";"grounds"
"4";"grow"
"3";"grows"
"1";"growth"
"7";"guard"
"1";"guardage"
"1";"guards"
"2";"guess"
"1";"guesses"
"1";"guides"
"2";"guiltiness"
"3";"guiltless"
"1";"guilty"
"1";"guinea"
"1";"gulfs"
"1";"gull"
"1";"gum"
"2";"guns"
"1";"gutter"
"1";"gyve"
"1";"habits"
"3";"hadst"
"1";"haggard"
"1";"hair"
"1";"hairs"
"1";"hales"
"2";"hall"
"1";"hallow"
"1";"halter"
"1";"halts"
"25";"hand"
"30";"handkerchief"
"6";"hands"
"2";"handsome"
"6";"hang"
"3";"hanged"
"1";"hanging"
"1";"hangman"
"3";"hangs"
"3";"haply"
"1";"happ"
"1";"happily"
"3";"happiness"
"6";"happy"
"1";"harbor"
"1";"harbour"
"5";"hard"
"2";"hardness"
"7";"hark"
"1";"harlotry"
"6";"harm"
"1";"harsh"
"19";"hast"
"5";"haste"
"6";"hate"
"1";"hates"
"67";"hath"
"2";"haunt"
"1";"haunting"
"1";"haunts"
"1";"hazard"
"10";"head"
"2";"heads"
"1";"heal"
"2";"health"
"1";"healthful"
"26";"hear"
"14";"heard"
"2";"hears"
"28";"heart"
"2";"hearted"
"1";"heartily"
"7";"hearts"
"1";"heartstrings"
"3";"heat"
"1";"heathen"
"1";"heathenish"
"1";"heave"
"62";"heaven"
"7";"heavenly"
"4";"heavens"
"8";"heavy"
"3";"heed"
"1";"heels"
"2";"heir"
"1";"held"
"14";"hell"
"1";"hellespont"
"1";"hellish"
"1";"helm"
"1";"hem"
"1";"hen"
"4";"herald"
"1";"heraldry"
"1";"herbs"
"2";"hereabout"
"1";"hidden"
"1";"hide"
"1";"hideous"
"1";"hie"
"1";"hies"
"9";"high"
"2";"hills"
"1";"hinge"
"2";"hint"
"1";"hip"
"1";"hire"
"2";"history"
"1";"hitherto"
"1";"hobby"
"21";"hold"
"3";"holds"
"1";"holla"
"2";"hollander"
"2";"hollow"
"1";"holy"
"1";"homage"
"42";"honest"
"10";"honesty"
"1";"honey"
"2";"honor"
"1";"honors"
"8";"honour"
"3";"honourable"
"1";"honours"
"8";"hope"
"5";"hopes"
"1";"horned"
"1";"horologe"
"3";"horrible"
"1";"horribly"
"1";"horror"
"1";"horrors"
"2";"horse"
"3";"hot"
"1";"hotly"
"1";"hound"
"8";"hour"
"4";"hours"
"11";"house"
"1";"housewife"
"1";"housewifery"
"2";"housewives"
"1";"howling"
"2";"huge"
"1";"hum"
"1";"human"
"1";"humane"
"1";"humanity"
"1";"humble"
"1";"humbled"
"7";"humbly"
"2";"humour"
"1";"humours"
"1";"hunger"
"1";"hungerly"
"1";"hunt"
"1";"hunting"
"1";"hunts"
"1";"hurl"
"9";"hurt"
"2";"hurts"
"22";"husband"
"5";"husbands"
"1";"hush"
"1";"hydra"
"1";"hypocrisy"
"1";"hyssop"
"361";"iago"
"1";"ice"
"1";"icy"
"3";"idle"
"1";"idleness"
"3";"ignorance"
"2";"ignorant"
"5";"iii"
"3";"ill"
"2";"ills"
"1";"imminent"
"2";"immortal"
"1";"impatient"
"1";"impediment"
"1";"impediments"
"1";"imperfect"
"1";"imperfectly"
"1";"imperious"
"3";"import"
"1";"importancy"
"1";"importing"
"2";"imports"
"1";"importunate"
"2";"importune"
"1";"importunes"
"1";"importunity"
"1";"imposition"
"3";"impossible"
"1";"impotent"
"1";"impudent"
"1";"imputation"
"1";"incense"
"1";"incline"
"2";"inclining"
"1";"incontinent"
"1";"incontinently"
"1";"incorporate"
"1";"increase"
"2";"incur"
"1";"indicted"
"1";"indign"
"1";"indignity"
"1";"indirect"
"1";"indiscreet"
"1";"indistinct"
"1";"indues"
"1";"industry"
"1";"infected"
"1";"inference"
"1";"inferior"
"3";"infirmity"
"1";"inflame"
"1";"inform"
"1";"ingener"
"1";"ingraft"
"1";"ingredient"
"1";"inhibited"
"1";"inhuman"
"2";"iniquity"
"1";"injointed"
"1";"injuries"
"3";"injury"
"1";"innocent"
"1";"innovation"
"1";"inordinate"
"1";"inquire"
"1";"insinuating"
"1";"insolent"
"4";"instant"
"2";"instruct"
"1";"instructed"
"1";"instruction"
"3";"instrument"
"4";"instruments"
"1";"insupportable"
"3";"intend"
"1";"intendment"
"1";"intent"
"1";"intentively"
"2";"interim"
"1";"intermingle"
"1";"interprets"
"1";"intrude"
"1";"invent"
"1";"invest"
"1";"invisible"
"2";"invited"
"1";"inviting"
"1";"inwards"
"2";"island"
"1";"islanders"
"7";"isle"
"2";"issue"
"1";"issues"
"1";"itch"
"1";"iterance"
"1";"janus"
"13";"jealous"
"1";"jealousies"
"7";"jealousy"
"1";"jesses"
"2";"jewel"
"3";"jewels"
"2";"joint"
"2";"jot"
"2";"journey"
"3";"jove"
"6";"joy"
"1";"judean"
"3";"judge"
"7";"judgement"
"2";"jump"
"4";"justice"
"3";"justly"
"1";"keel"
"1";"keepest"
"2";"key"
"24";"kill"
"3";"killing"
"2";"kills"
"1";"kin"
"9";"kind"
"1";"kindness"
"1";"kindred"
"1";"kinds"
"1";"king"
"1";"kinsman"
"1";"kinsmen"
"8";"kiss"
"2";"kissed"
"3";"kisses"
"3";"kissing"
"1";"kitchens"
"12";"knave"
"2";"knavery"
"2";"knaves"
"2";"knee"
"2";"kneel"
"2";"kneels"
"2";"knees"
"5";"knew"
"1";"knit"
"1";"knives"
"1";"knock"
"1";"knocking"
"1";"knocks"
"1";"knot"
"1";"knowing"
"1";"knowledge"
"1";"laboring"
"3";"labour"
"1";"labours"
"5";"lack"
"1";"lacks"
"2";"lads"
"23";"lady"
"3";"ladyship"
"4";"laid"
"2";"lame"
"3";"land"
"1";"languishes"
"1";"laps"
"1";"large"
"1";"larger"
"1";"las"
"1";"lascivious"
"1";"lash"
"2";"late"
"1";"latest"
"2";"laugh"
"1";"laughed"
"2";"laughs"
"1";"laughter"
"5";"law"
"2";"lawful"
"1";"lawn"
"14";"lay"
"6";"lead"
"1";"leaden"
"1";"leads"
"1";"leagu"
"1";"leap"
"2";"learn"
"2";"learned"
"20";"leave"
"1";"lechery"
"3";"led"
"1";"leets"
"6";"left"
"3";"leg"
"1";"legs"
"4";"lend"
"1";"lethargy"
"5";"letter"
"4";"letters"
"1";"letting"
"1";"lettuce"
"1";"levels"
"1";"lewd"
"1";"liar"
"4";"liberal"
"2";"liberty"
"13";"lie"
"12";"lies"
"1";"liest"
"30";"lieutenant"
"1";"lieutenantry"
"18";"life"
"2";"lift"
"24";"light"
"2";"lights"
"1";"lik"
"1";"likelihood"
"1";"likelihoods"
"1";"likes"
"1";"likings"
"1";"lin"
"1";"linger"
"1";"lingered"
"1";"lion"
"3";"lip"
"1";"lipp"
"9";"lips"
"1";"liquid"
"4";"list"
"1";"liv"
"13";"live"
"7";"lives"
"2";"living"
"1";"loading"
"1";"loathe"
"1";"loathed"
"1";"lock"
"1";"locked"
"1";"locusts"
"3";"lodges"
"5";"lodging"
"44";"lodovico"
"1";"lolls"
"11";"long"
"1";"longer"
"1";"looked"
"1";"loop"
"3";"loose"
"90";"lord"
"2";"lords"
"2";"lordship"
"6";"lose"
"1";"loser"
"1";"loses"
"2";"loss"
"19";"lost"
"3";"loud"
"7";"lov"
"80";"love"
"5";"loved"
"1";"loveliness"
"1";"lovely"
"2";"lovers"
"12";"loves"
"4";"loving"
"1";"lown"
"1";"loyal"
"1";"luccicos"
"1";"luscious"
"7";"lust"
"1";"lusts"
"1";"lusty"
"6";"mad"
"14";"madam"
"3";"madness"
"3";"magic"
"1";"magnifico"
"4";"maid"
"2";"maiden"
"1";"maidhood"
"2";"maim"
"5";"main"
"2";"mak"
"4";"making"
"4";"malice"
"1";"malicious"
"1";"malignant"
"1";"mammering"
"53";"man"
"1";"manage"
"2";"mandate"
"1";"mandragora"
"2";"mangled"
"1";"manhood"
"1";"manifest"
"4";"manners"
"1";"manured"
"1";"marble"
"1";"marcus"
"9";"mark"
"1";"marr"
"2";"marriage"
"5";"married"
"14";"marry"
"1";"marrying"
"1";"mars"
"1";"marshal"
"1";"mask"
"3";"mass"
"3";"master"
"1";"masterly"
"10";"masters"
"3";"match"
"2";"matches"
"1";"matching"
"25";"matter"
"2";"matters"
"1";"mauritania"
"1";"mazard"
"1";"meaning"
"1";"meant"
"1";"measure"
"1";"measures"
"2";"meat"
"1";"mediators"
"1";"medicinal"
"2";"medicine"
"1";"medicines"
"1";"meditations"
"13";"meet"
"1";"meets"
"1";"melt"
"1";"melting"
"1";"member"
"1";"members"
"1";"memory"
"26";"men"
"2";"mend"
"1";"merciful"
"5";"mercy"
"4";"mere"
"3";"merit"
"1";"merits"
"3";"merry"
"5";"messenger"
"3";"messengers"
"1";"messes"
"3";"met"
"4";"methinks"
"1";"mettle"
"11";"michael"
"1";"midnight"
"2";"mighty"
"1";"millions"
"1";"mince"
"11";"mind"
"3";"minds"
"1";"mineral"
"1";"minerals"
"1";"mines"
"1";"minion"
"2";"minister"
"1";"minute"
"1";"minutes"
"2";"minx"
"1";"miscarry"
"1";"mischance"
"2";"mischief"
"1";"miserable"
"1";"misery"
"1";"misgives"
"20";"mistress"
"1";"misuse"
"1";"mixtures"
"1";"moans"
"5";"mock"
"1";"mockery"
"2";"mocks"
"1";"modern"
"1";"modest"
"1";"modesty"
"2";"moist"
"1";"molestation"
"2";"moment"
"1";"monarch"
"14";"money"
"1";"mongst"
"1";"monkey"
"2";"monkeys"
"6";"monster"
"7";"monstrous"
"36";"montano"
"1";"monumental"
"2";"mood"
"4";"moon"
"1";"moons"
"59";"moor"
"1";"moors"
"1";"moorship"
"1";"moraler"
"2";"morn"
"4";"morning"
"7";"morrow"
"5";"mortal"
"1";"mortise"
"1";"moth"
"4";"mother"
"3";"motion"
"1";"motions"
"1";"motive"
"1";"mountains"
"1";"mountebanks"
"1";"mourn"
"3";"mouth"
"3";"mouths"
"4";"mov"
"1";"moved"
"2";"moving"
"1";"mummy"
"17";"murder"
"1";"murderer"
"2";"murderous"
"2";"murders"
"1";"murmur"
"1";"muse"
"6";"music"
"6";"musician"
"3";"musicians"
"2";"mutiny"
"1";"mutter"
"1";"mutualities"
"2";"mystery"
"4";"naked"
"1";"naming"
"3";"napkin"
"1";"naples"
"1";"nation"
"2";"native"
"1";"natural"
"16";"nature"
"5";"natures"
"3";"naught"
"1";"nearer"
"1";"necessaries"
"2";"necessity"
"2";"neck"
"1";"needful"
"1";"needle"
"1";"neglected"
"1";"neglecting"
"2";"negligence"
"1";"neigh"
"1";"neighing"
"1";"nephews"
"1";"net"
"2";"nether"
"1";"nettles"
"1";"newer"
"1";"newly"
"9";"news"
"1";"nice"
"1";"niece"
"1";"nigh"
"58";"night"
"2";"nightly"
"1";"nights"
"1";"nnight"
"1";"nobility"
"21";"noble"
"6";"noise"
"1";"nonsuits"
"1";"noon"
"1";"north"
"4";"nose"
"1";"noses"
"2";"notable"
"3";"note"
"1";"notice"
"1";"notify"
"2";"notorious"
"1";"nought"
"1";"nourishing"
"1";"number"
"1";"nuptial"
"2";"oak"
"2";"oath"
"1";"obedience"
"5";"obedient"
"5";"obey"
"2";"object"
"1";"obscure"
"1";"obsequious"
"1";"observance"
"1";"observancy"
"3";"observe"
"1";"observing"
"3";"occasion"
"1";"occasions"
"1";"occupation"
"1";"ocular"
"2";"odd"
"1";"odds"
"1";"odious"
"4";"offence"
"1";"offenceless"
"4";"offend"
"1";"offended"
"1";"offending"
"2";"offends"
"3";"offense"
"1";"offers"
"1";"offic"
"8";"office"
"9";"officer"
"8";"officers"
"1";"offices"
"8";"oft"
"1";"olympus"
"1";"omit"
"1";"ope"
"2";"open"
"1";"opens"
"4";"opinion"
"1";"opportunity"
"1";"opposition"
"1";"oppresses"
"1";"order"
"335";"othello"
"1";"ottoman"
"3";"ottomites"
"1";"outlive"
"1";"outran"
"1";"outward"
"1";"overt"
"1";"overthrow"
"2";"owe"
"1";"pace"
"2";"packet"
"1";"paddle"
"1";"pagans"
"1";"pageant"
"3";"pain"
"6";"pains"
"1";"painted"
"1";"palace"
"1";"palate"
"1";"palates"
"3";"pale"
"1";"palestine"
"2";"palm"
"1";"palpable"
"1";"pants"
"3";"paper"
"1";"paradoxes"
"1";"paragons"
"1";"parallel"
"1";"parcels"
"11";"pardon"
"1";"parley"
"1";"parlours"
"1";"parrot"
"4";"parted"
"1";"partially"
"2";"partly"
"4";"parts"
"1";"party"
"5";"pass"
"2";"passage"
"1";"passing"
"8";"passion"
"1";"pate"
"1";"patent"
"14";"patience"
"2";"patient"
"1";"pattern"
"2";"pause"
"1";"pay"
"8";"peace"
"1";"pearl"
"1";"peck"
"3";"peculiar"
"1";"peer"
"2";"peevish"
"1";"pegs"
"1";"pelt"
"1";"penitent"
"1";"pens"
"5";"people"
"1";"peradventure"
"6";"perceive"
"2";"perchance"
"3";"perdition"
"1";"perdurable"
"2";"perfect"
"2";"perfection"
"1";"perforce"
"1";"perform"
"1";"performances"
"1";"perfumed"
"2";"peril"
"1";"period"
"1";"perish"
"1";"perjur"
"1";"perjury"
"1";"permission"
"2";"pernicious"
"1";"perplex"
"2";"person"
"2";"personal"
"1";"persons"
"2";"persuade"
"2";"persuaded"
"1";"pertains"
"1";"pestilence"
"1";"pestilent"
"1";"peter"
"1";"petticoats"
"1";"petty"
"1";"phrase"
"1";"physician"
"1";"pick"
"1";"pictures"
"2";"piece"
"1";"pieces"
"1";"pierce"
"1";"pierced"
"1";"piercing"
"1";"pilgrimage"
"2";"pilot"
"1";"pint"
"1";"pioners"
"2";"pipes"
"2";"pish"
"1";"pitch"
"1";"pith"
"3";"pitiful"
"5";"pity"
"25";"place"
"5";"plague"
"1";"plain"
"1";"plainness"
"1";"planet"
"1";"plant"
"2";"platform"
"9";"play"
"1";"players"
"1";"plays"
"1";"pleads"
"1";"pleas"
"1";"pleasance"
"1";"pleased"
"1";"pleases"
"8";"pleasure"
"1";"pleasures"
"1";"pledge"
"1";"plenteous"
"1";"pliant"
"1";"plies"
"2";"pluck"
"1";"plucked"
"1";"plucks"
"1";"plume"
"1";"plumed"
"1";"ply"
"2";"pocket"
"3";"point"
"2";"poise"
"6";"poison"
"1";"poisonous"
"2";"poisons"
"1";"pole"
"2";"policy"
"1";"politic"
"1";"pomp"
"1";"pontic"
"19";"poor"
"1";"poppy"
"2";"populous"
"1";"portance"
"1";"portents"
"2";"position"
"1";"possession"
"4";"post"
"1";"potations"
"2";"potent"
"1";"potential"
"1";"potting"
"2";"pottle"
"2";"pour"
"1";"poverty"
"6";"power"
"2";"powerful"
"2";"powers"
"1";"pox"
"3";"practice"
"1";"practices"
"1";"practicing"
"1";"practis"
"1";"practiser"
"1";"prais"
"6";"praise"
"1";"praisest"
"2";"pranks"
"1";"prate"
"1";"prated"
"1";"prating"
"2";"prattle"
"27";"pray"
"3";"prayer"
"2";"prays"
"2";"precious"
"1";"predecessor"
"2";"prefer"
"1";"preferment"
"1";"preferring"
"1";"pregnant"
"2";"preparation"
"1";"prepared"
"1";"preposterous"
"1";"preposterously"
"1";"prerogativ"
"1";"prescription"
"1";"presence"
"4";"presently"
"1";"preserve"
"1";"preserved"
"1";"press"
"1";"prey"
"2";"price"
"1";"prick"
"4";"pride"
"1";"prime"
"1";"prison"
"2";"prisoner"
"3";"private"
"1";"privately"
"1";"prize"
"2";"prizes"
"1";"probable"
"1";"probal"
"1";"probation"
"3";"proceed"
"2";"proceeding"
"1";"process"
"1";"proclaim"
"1";"proclaimed"
"1";"proclamation"
"1";"procreants"
"1";"procure"
"1";"produc"
"3";"profane"
"2";"profess"
"1";"professed"
"5";"profit"
"1";"profitably"
"1";"profitless"
"2";"prologue"
"1";"promethean"
"1";"promis"
"3";"promise"
"1";"prompt"
"1";"prompter"
"1";"promulgate"
"7";"proof"
"3";"proofs"
"5";"proper"
"1";"property"
"1";"prophetic"
"1";"propontic"
"1";"propose"
"1";"proposed"
"1";"propriety"
"1";"prospect"
"1";"prosperity"
"1";"prosperous"
"1";"protectress"
"3";"protest"
"1";"protests"
"1";"prov"
"9";"prove"
"1";"provender"
"1";"provide"
"1";"provocation"
"1";"provoke"
"1";"provoking"
"1";"pry"
"1";"public"
"1";"pudding"
"1";"puddled"
"1";"puff"
"2";"pulls"
"1";"punishment"
"1";"puny"
"1";"puppies"
"1";"purchase"
"3";"pure"
"1";"purest"
"1";"purgatory"
"1";"purpos"
"5";"purpose"
"3";"purposes"
"11";"purse"
"1";"pursue"
"3";"puts"
"2";"putting"
"1";"qualification"
"1";"qualified"
"1";"qualities"
"4";"quality"
"3";"quarrel"
"1";"quarries"
"1";"quarter"
"1";"quat"
"2";"quench"
"5";"question"
"1";"questions"
"1";"quests"
"4";"quick"
"2";"quicken"
"5";"quiet"
"1";"quillets"
"1";"quirks"
"1";"rack"
"2";"rage"
"2";"raging"
"1";"rail"
"1";"rain"
"3";"rais"
"2";"raise"
"2";"raised"
"1";"ram"
"2";"rank"
"2";"ranks"
"1";"ransom"
"1";"rapier"
"1";"rascal"
"1";"rascals"
"4";"rash"
"1";"raven"
"2";"reach"
"3";"read"
"2";"reads"
"12";"reason"
"1";"reasons"
"1";"rebels"
"2";"rebuke"
"2";"receiv"
"2";"receive"
"2";"received"
"1";"reckoning"
"1";"recognizance"
"1";"recoiling"
"1";"recommends"
"1";"reconciliation"
"3";"recover"
"1";"recovered"
"1";"redeemed"
"1";"redemption"
"1";"refer"
"1";"reference"
"1";"refrain"
"1";"refuse"
"2";"regard"
"1";"region"
"2";"relate"
"1";"relief"
"1";"relish"
"1";"relume"
"1";"remain"
"2";"remains"
"1";"remedies"
"1";"remedy"
"2";"remember"
"2";"remembrance"
"2";"remorse"
"2";"remove"
"1";"removed"
"2";"removing"
"1";"renew"
"1";"renounce"
"1";"renown"
"2";"repair"
"1";"repeals"
"4";"repent"
"1";"replies"
"5";"report"
"2";"reports"
"1";"represented"
"1";"reproach"
"1";"reprobance"
"10";"reputation"
"1";"repute"
"2";"request"
"1";"requested"
"1";"required"
"2";"requires"
"1";"requisites"
"1";"requite"
"1";"reserves"
"1";"reside"
"1";"resist"
"1";"resolution"
"1";"resolv"
"5";"respect"
"4";"rest"
"1";"restitution"
"1";"restore"
"2";"restraint"
"1";"retire"
"2";"retires"
"1";"retiring"
"7";"return"
"2";"returned"
"1";"returning"
"1";"revel"
"2";"revels"
"8";"revenge"
"2";"reverence"
"3";"reverend"
"2";"revolt"
"1";"reward"
"1";"rheum"
"6";"rhodes"
"2";"ribs"
"3";"rich"
"1";"richer"
"2";"riches"
"1";"rightly"
"1";"ring"
"2";"rings"
"1";"ripe"
"4";"rise"
"1";"rising"
"1";"rites"
"1";"roar"
"1";"roast"
"4";"robb"
"1";"robbing"
"2";"robs"
"1";"rock"
"2";"rocks"
"105";"roderigo"
"4";"rogue"
"1";"roll"
"1";"roman"
"4";"room"
"1";"roots"
"2";"rose"
"2";"rot"
"1";"rough"
"2";"rouse"
"1";"rout"
"2";"royal"
"1";"rub"
"1";"rubb"
"2";"rude"
"1";"ruffian"
"1";"ruffians"
"2";"rule"
"1";"ruled"
"2";"rules"
"1";"ruminate"
"2";"runs"
"1";"rush"
"2";"rushes"
"1";"rust"
"1";"sacred"
"1";"sacrifice"
"1";"sadly"
"3";"safe"
"1";"safely"
"2";"safer"
"1";"safest"
"2";"safety"
"2";"sagittary"
"11";"sail"
"4";"sailor"
"1";"sails"
"1";"saint"
"1";"saints"
"4";"sake"
"1";"salmon"
"4";"salt"
"1";"sanctified"
"1";"sanctimony"
"1";"sands"
"1";"sans"
"1";"sat"
"1";"sated"
"1";"satiety"
"5";"satisfaction"
"6";"satisfied"
"1";"satisfy"
"1";"satisfying"
"1";"saucy"
"1";"sav"
"1";"savage"
"1";"savageness"
"5";"save"
"4";"saved"
"1";"sblood"
"1";"scale"
"1";"scan"
"2";"scant"
"1";"scap"
"1";"scapes"
"1";"scar"
"2";"scarce"
"1";"scattering"
"16";"scene"
"1";"scholar"
"1";"school"
"1";"scion"
"3";"score"
"1";"scored"
"2";"scorn"
"1";"scorns"
"3";"scurvy"
"1";"scuse"
"12";"sea"
"1";"seal"
"1";"seals"
"1";"seamy"
"2";"seaport"
"2";"search"
"2";"seas"
"1";"seat"
"1";"secrets"
"1";"sect"
"3";"secure"
"7";"seek"
"1";"seel"
"2";"sees"
"1";"segregation"
"2";"seize"
"1";"sell"
"1";"selling"
"3";"senate"
"11";"senator"
"7";"senators"
"8";"send"
"18";"sense"
"1";"sensuality"
"4";"sentence"
"1";"sentences"
"1";"sequent"
"1";"sequester"
"1";"sequestration"
"1";"serpent"
"1";"serv"
"3";"servant"
"2";"servants"
"3";"serve"
"9";"service"
"1";"services"
"1";"servitor"
"2";"session"
"14";"set"
"1";"severe"
"1";"sew"
"1";"shadow"
"1";"shadowing"
"1";"shak"
"7";"shake"
"1";"shakes"
"1";"shakespeare"
"4";"shalt"
"1";"sham"
"1";"shambles"
"6";"shame"
"1";"shames"
"2";"shape"
"1";"shar"
"5";"sheets"
"1";"shifted"
"4";"ship"
"1";"shipp"
"2";"shirt"
"1";"shook"
"4";"shore"
"1";"short"
"1";"shorter"
"3";"shortly"
"2";"shot"
"1";"shoulders"
"3";"shouldst"
"1";"shrewd"
"1";"shrift"
"1";"shrill"
"1";"shroud"
"1";"shunn"
"3";"shut"
"1";"sibyl"
"1";"sick"
"2";"sides"
"1";"siege"
"1";"sieges"
"1";"sigh"
"1";"sighing"
"1";"sighs"
"4";"sight"
"2";"sign"
"13";"signior"
"1";"signiors"
"1";"signiory"
"2";"silence"
"1";"silent"
"1";"silk"
"1";"silliness"
"1";"silly"
"2";"simple"
"1";"simpleness"
"5";"sin"
"1";"sincerity"
"8";"sing"
"1";"singing"
"8";"sings"
"1";"sink"
"3";"sins"
"56";"sir"
"1";"sirrah"
"1";"sit"
"2";"sith"
"1";"sitting"
"1";"sixpence"
"1";"skies"
"1";"skillet"
"1";"skillful"
"1";"skin"
"1";"slack"
"5";"slain"
"3";"slander"
"1";"slanderer"
"8";"slave"
"1";"slavery"
"2";"slaves"
"6";"sleep"
"1";"sleeps"
"1";"sleeve"
"1";"slept"
"1";"slight"
"1";"slime"
"1";"slip"
"1";"slipper"
"1";"slow"
"1";"slubber"
"1";"slumbers"
"4";"small"
"1";"smallest"
"5";"smell"
"3";"smile"
"2";"smiles"
"1";"smock"
"2";"smooth"
"1";"smote"
"1";"smothers"
"1";"snatch"
"1";"snatching"
"1";"snipe"
"1";"snorting"
"1";"snow"
"4";"soft"
"1";"soften"
"2";"sold"
"10";"soldier"
"1";"soldiers"
"1";"soldiership"
"1";"solemn"
"1";"solicit"
"1";"solicitation"
"1";"soliciting"
"1";"solicitor"
"1";"solid"
"2";"son"
"5";"song"
"1";"sooner"
"2";"sooth"
"1";"sooty"
"1";"sores"
"3";"sorrow"
"2";"sorrows"
"33";"soul"
"7";"souls"
"1";"sounds"
"1";"sour"
"1";"sovereign"
"1";"sow"
"1";"spain"
"4";"spake"
"1";"span"
"1";"spare"
"1";"spartan"
"52";"speak"
"4";"speaking"
"6";"speaks"
"3";"special"
"1";"speculative"
"12";"speech"
"4";"speed"
"1";"spells"
"3";"spend"
"1";"spends"
"1";"spent"
"1";"spied"
"1";"spinster"
"9";"spirit"
"4";"spirits"
"3";"spite"
"1";"spleen"
"1";"splinter"
"1";"spoil"
"5";"spoke"
"1";"spoken"
"8";"sport"
"2";"spotted"
"1";"spy"
"1";"squabble"
"1";"squadron"
"1";"squire"
"1";"stab"
"1";"stabbing"
"3";"stabs"
"1";"stain"
"1";"stake"
"1";"stamp"
"17";"stand"
"3";"stands"
"2";"stare"
"1";"starr"
"1";"stars"
"1";"start"
"1";"startingly"
"1";"statesmen"
"8";"stay"
"1";"stead"
"5";"steal"
"3";"steals"
"1";"steed"
"1";"steel"
"2";"steep"
"1";"steering"
"1";"stem"
"1";"step"
"1";"stephen"
"1";"steps"
"1";"sterile"
"1";"stick"
"1";"sticks"
"1";"stillness"
"1";"stings"
"2";"stir"
"3";"stirring"
"3";"stirs"
"4";"stol"
"1";"stomach"
"1";"stomachs"
"2";"stone"
"2";"stones"
"3";"stood"
"2";"stopp"
"3";"stops"
"1";"store"
"1";"storm"
"4";"story"
"1";"stoup"
"2";"stoutly"
"1";"stow"
"7";"straight"
"2";"strain"
"7";"strange"
"1";"strangeness"
"2";"stranger"
"1";"strangle"
"1";"strawberries"
"1";"stream"
"2";"streams"
"5";"street"
"1";"streets"
"1";"strife"
"7";"strike"
"1";"strikes"
"2";"striking"
"1";"strings"
"1";"strip"
"1";"strive"
"1";"strives"
"2";"stroke"
"6";"strong"
"1";"stronger"
"10";"strumpet"
"1";"stubborn"
"1";"stubbornness"
"2";"stuff"
"2";"subdu"
"4";"subdue"
"1";"suborn"
"1";"substitute"
"2";"subtle"
"1";"succeed"
"1";"succeeds"
"1";"success"
"1";"suckle"
"2";"sudden"
"3";"sue"
"3";"suffer"
"1";"sufferance"
"1";"suffered"
"1";"suffice"
"1";"sufficiency"
"2";"sufficient"
"1";"suffocating"
"1";"sugar"
"11";"suit"
"2";"suitor"
"1";"suitors"
"2";"sulphur"
"1";"summer"
"1";"summon"
"1";"summons"
"4";"sun"
"1";"supersubtle"
"1";"supervisor"
"2";"supp"
"5";"supper"
"2";"supplied"
"1";"suppliest"
"1";"supply"
"1";"support"
"1";"suppose"
"1";"sups"
"2";"surely"
"1";"surety"
"1";"surfeited"
"1";"surge"
"3";"surgeon"
"1";"surgery"
"1";"surmises"
"6";"suspect"
"1";"suspected"
"1";"suspects"
"3";"suspicion"
"1";"suspicions"
"1";"sustain"
"1";"swag"
"1";"swagger"
"1";"swallow"
"1";"swallows"
"1";"swan"
"6";"swear"
"1";"sweating"
"1";"sweats"
"23";"sweet"
"1";"sweeter"
"1";"sweetest"
"1";"sweeting"
"2";"swell"
"1";"swelling"
"2";"swift"
"11";"sword"
"3";"swords"
"1";"swore"
"1";"sworn"
"1";"sycamore"
"1";"syllable"
"1";"symbols"
"1";"sympathy"
"1";"syrups"
"1";"table"
"1";"tail"
"1";"tailor"
"2";"taint"
"1";"tainting"
"4";"takes"
"6";"tale"
"6";"talk"
"3";"talking"
"1";"tall"
"1";"tame"
"1";"taper"
"1";"tapers"
"1";"task"
"2";"tasks"
"1";"taste"
"1";"tasted"
"6";"teach"
"1";"teachest"
"1";"tear"
"7";"tears"
"2";"tedious"
"1";"teem"
"1";"teeth"
"1";"telling"
"2";"tells"
"1";"temper"
"3";"tempest"
"1";"tempests"
"1";"temples"
"1";"tempt"
"1";"tempts"
"1";"tender"
"1";"tenderly"
"1";"tenderness"
"1";"tented"
"1";"term"
"4";"terms"
"1";"terrible"
"1";"test"
"77";"thee"
"1";"theoric"
"1";"thereunto"
"1";"therewith"
"1";"thicken"
"3";"thief"
"6";"thieves"
"2";"thigh"
"11";"thine"
"1";"thinkest"
"4";"thinking"
"1";"thinkings"
"1";"thinks"
"1";"thinly"
"2";"thither"
"20";"thought"
"14";"thoughts"
"1";"thousands"
"1";"thread"
"1";"threw"
"2";"thrice"
"2";"thrive"
"3";"throat"
"1";"throats"
"1";"throne"
"4";"throw"
"2";"throwing"
"1";"thrown"
"1";"throws"
"2";"thrust"
"1";"thunder"
"80";"thy"
"1";"thyme"
"6";"thyself"
"2";"tidings"
"1";"tilting"
"1";"timber"
"29";"time"
"7";"times"
"1";"timorous"
"1";"tinder"
"1";"tire"
"86";"tis"
"1";"title"
"1";"toad"
"1";"toads"
"1";"today"
"1";"toged"
"5";"token"
"11";"told"
"7";"tongue"
"2";"tongues"
"1";"tooth"
"4";"torches"
"2";"torment"
"1";"torments"
"2";"torture"
"6";"touch"
"1";"touching"
"1";"toughness"
"7";"town"
"1";"toy"
"1";"toys"
"1";"trade"
"1";"traduc"
"1";"tragic"
"1";"traitors"
"1";"trance"
"1";"tranquil"
"1";"transform"
"1";"transported"
"4";"trash"
"1";"travels"
"1";"traverse"
"1";"treacherous"
"1";"treachery"
"1";"treason"
"1";"treasures"
"2";"tree"
"1";"trees"
"1";"tremble"
"2";"trespass"
"3";"tribe"
"2";"trick"
"2";"tricks"
"2";"trifle"
"1";"trifles"
"1";"trimm"
"3";"triumph"
"2";"troop"
"3";"troth"
"2";"trouble"
"1";"troubled"
"27";"true"
"1";"trump"
"5";"trumpet"
"1";"trumpets"
"1";"truncheon"
"7";"trust"
"1";"trusty"
"8";"truth"
"2";"tuesday"
"1";"tun"
"2";"tune"
"1";"tup"
"1";"tupp"
"1";"tupping"
"1";"turban"
"7";"turk"
"6";"turkish"
"3";"turks"
"14";"turn"
"1";"turned"
"1";"tush"
"1";"twain"
"13";"twas"
"1";"tween"
"3";"twere"
"1";"twiggen"
"4";"twill"
"1";"twinn"
"3";"twixt"
"1";"twould"
"1";"tying"
"1";"tyrannous"
"1";"tyranny"
"1";"tyrant"
"1";"ugly"
"1";"unauthoriz"
"1";"unbitted"
"2";"unbless"
"1";"unbonneted"
"1";"unbookish"
"1";"uncapable"
"2";"uncle"
"1";"uncleanly"
"5";"understand"
"2";"undertake"
"1";"undertaker"
"1";"undertook"
"2";"undo"
"3";"undone"
"1";"unfit"
"2";"unfold"
"1";"unfolding"
"1";"unfolds"
"1";"unforced"
"2";"unfortunate"
"1";"unhandsome"
"4";"unhappy"
"1";"unhatch"
"1";"unhoused"
"1";"unjustly"
"1";"unkind"
"1";"unkindly"
"3";"unkindness"
"2";"unknown"
"1";"unlace"
"2";"unlawful"
"1";"unlawfully"
"1";"unlocks"
"1";"unlucky"
"1";"unmake"
"1";"unmoving"
"2";"unnatural"
"1";"unperfectness"
"2";"unpin"
"1";"unprepared"
"1";"unproper"
"1";"unprovide"
"1";"unquietness"
"1";"unreconcil"
"1";"unsafe"
"1";"unshunnable"
"1";"unskilful"
"1";"unsuiting"
"1";"unsure"
"1";"unswear"
"1";"unused"
"1";"unvarnish"
"1";"unwholesome"
"1";"unwitted"
"1";"unworthy"
"1";"upbraids"
"1";"usage"
"1";"useth"
"1";"usurped"
"2";"utmost"
"1";"utter"
"1";"uttermost"
"2";"vain"
"1";"vale"
"10";"valiant"
"1";"valour"
"1";"vanish"
"1";"vanity"
"1";"vantage"
"1";"vapor"
"1";"vast"
"1";"vehement"
"5";"venetian"
"1";"venetians"
"1";"vengeance"
"1";"venial"
"24";"venice"
"1";"venture"
"1";"veritable"
"1";"veronesa"
"2";"vessel"
"1";"vesture"
"1";"vexation"
"6";"vice"
"1";"vices"
"1";"vicious"
"1";"view"
"4";"vile"
"19";"villain"
"4";"villainous"
"4";"villains"
"1";"villainy"
"1";"villanous"
"7";"villany"
"3";"violence"
"3";"violent"
"1";"viper"
"10";"virtue"
"4";"virtuous"
"1";"virtuously"
"2";"visage"
"1";"visages"
"1";"vital"
"6";"voice"
"1";"voices"
"1";"voluble"
"1";"voluntary"
"1";"vomit"
"1";"votarist"
"4";"vouch"
"3";"vow"
"1";"wage"
"1";"wager"
"1";"wait"
"2";"wak"
"1";"wake"
"1";"waken"
"1";"wakes"
"4";"walk"
"1";"walked"
"1";"walking"
"1";"wanting"
"3";"wanton"
"6";"war"
"4";"warlike"
"1";"warm"
"6";"warrant"
"1";"warranty"
"2";"warrior"
"7";"wars"
"2";"wary"
"1";"wash"
"1";"wast"
"1";"waste"
"2";"wasted"
"13";"watch"
"1";"watches"
"1";"watching"
"3";"water"
"1";"waterish"
"1";"ways"
"1";"wayward"
"3";"weak"
"1";"weaken"
"1";"weakness"
"1";"wealthy"
"6";"weapon"
"5";"weapons"
"4";"wear"
"1";"wearing"
"1";"wears"
"1";"weary"
"2";"web"
"1";"wedding"
"1";"wedlock"
"1";"wednesday"
"2";"weed"
"1";"week"
"11";"weep"
"1";"weeping"
"2";"weeps"
"1";"weigh"
"1";"weight"
"2";"wench"
"1";"wert"
"1";"west"
"1";"whate"
"1";"wheeling"
"4";"wherefore"
"1";"whereinto"
"3";"whereof"
"2";"whereon"
"1";"wheresoever"
"1";"whereto"
"1";"whiles"
"3";"whip"
"1";"whipster"
"2";"whisper"
"1";"whistle"
"2";"white"
"1";"whiter"
"1";"whoe"
"2";"wholesome"
"12";"whore"
"1";"whoring"
"1";"wicked"
"1";"wide"
"1";"wider"
"43";"wife"
"3";"wight"
"3";"wild"
"1";"william"
"18";"willow"
"3";"wills"
"3";"wilt"
"5";"win"
"8";"wind"
"1";"window"
"3";"winds"
"8";"wine"
"1";"wing"
"1";"winks"
"1";"winter"
"1";"wipe"
"4";"wisdom"
"8";"wise"
"1";"wisely"
"1";"wisest"
"12";"wit"
"4";"witchcraft"
"2";"withal"
"3";"withdraw"
"1";"withdraws"
"1";"wither"
"4";"witness"
"3";"wits"
"1";"witty"
"1";"wiv"
"1";"wive"
"3";"wives"
"1";"woe"
"1";"wolves"
"17";"woman"
"1";"womb"
"3";"women"
"1";"won"
"1";"wondrous"
"2";"wont"
"3";"woo"
"1";"wooer"
"1";"wooing"
"7";"word"
"15";"work"
"1";"working"
"3";"works"
"1";"worldly"
"1";"worms"
"5";"worse"
"2";"worser"
"6";"worst"
"4";"worth"
"1";"worthiness"
"11";"worthy"
"5";"wouldst"
"2";"wound"
"2";"wounds"
"1";"wrangle"
"2";"wrath"
"1";"wreck"
"1";"wrench"
"4";"wretch"
"3";"wretched"
"1";"wring"
"1";"writ"
"4";"write"
"16";"wrong"
"1";"wronger"
"1";"wrongs"
"4";"wrought"
"1";"xxxx"
"1";"yawn"
"2";"yea"
"3";"year"
"7";"years"
"1";"yell"
"1";"yerk"
"2";"yesterday"
"1";"yield"
"1";"yok"
"2";"yond"
"1";"yonder"
"10";"young"
"5";"youth"
"16";"ythee"
"3";"zounds"
