"1";"1595"
"1";"abate"
"1";"abbey"
"2";"abed"
"1";"abhorred"
"1";"abhors"
"1";"aboard"
"1";"abound"
"5";"abr"
"2";"abram"
"1";"abroach"
"1";"absolv"
"1";"absolver"
"1";"abus"
"1";"abuse"
"1";"abuses"
"1";"accent"
"1";"access"
"1";"accident"
"1";"accidents"
"2";"account"
"1";"accurs"
"1";"accustom"
"1";"ache"
"1";"aches"
"1";"aching"
"1";"acknowledge"
"1";"acquaint"
"1";"acquaintance"
"1";"acted"
"1";"acting"
"1";"action"
"1";"acts"
"1";"adam"
"1";"add"
"1";"adding"
"1";"addle"
"4";"adieu"
"1";"adjacent"
"1";"admired"
"1";"ado"
"2";"advanc"
"1";"advance"
"1";"advanced"
"2";"adventure"
"1";"adversary"
"1";"adversity"
"1";"advise"
"1";"afeard"
"2";"affection"
"3";"affections"
"1";"afflicted"
"1";"affliction"
"3";"afford"
"1";"affords"
"1";"affray"
"1";"affright"
"1";"afire"
"3";"afore"
"1";"afraid"
"3";"afternoon"
"1";"agate"
"6";"age"
"1";"agile"
"1";"agree"
"1";"agrees"
"1";"aim"
"7";"air"
"3";"airy"
"11";"alack"
"8";"alas"
"1";"alderman"
"3";"alike"
"2";"alive"
"1";"alla"
"1";"alliance"
"1";"alligator"
"1";"ally"
"1";"aloft"
"3";"aloof"
"2";"aloud"
"2";"amaz"
"1";"ambiguities"
"1";"ambling"
"1";"ambuscadoes"
"4";"amen"
"1";"amended"
"1";"amerce"
"2";"amorous"
"1";"anatomy"
"1";"ancestors"
"9";"ancient"
"1";"angel"
"1";"angelica"
"1";"angelical"
"1";"angels"
"5";"anger"
"1";"angry"
"1";"anguish"
"8";"anon"
"1";"anselmo"
"10";"answer"
"1";"anthony"
"2";"antic"
"2";"apace"
"1";"ape"
"1";"apology"
"4";"apoth"
"5";"apothecary"
"1";"apparell"
"1";"appertaining"
"1";"appetite"
"3";"apprehend"
"3";"approach"
"1";"april"
"3";"apt"
"2";"aqua"
"1";"arbitrating"
"1";"argues"
"1";"argument"
"1";"arithmetic"
"9";"arm"
"1";"armour"
"2";"arms"
"2";"array"
"1";"arrives"
"1";"arrow"
"55";"art"
"1";"artificial"
"1";"ascend"
"1";"asham"
"2";"ashes"
"5";"asleep"
"1";"aspir"
"1";"assailing"
"1";"assembly"
"1";"assistant"
"1";"associate"
"1";"assure"
"1";"asunder"
"1";"athwart"
"1";"atomies"
"1";"attach"
"1";"attempt"
"3";"attend"
"2";"attendants"
"1";"attended"
"1";"attending"
"1";"attends"
"1";"attires"
"2";"aught"
"1";"augmenting"
"1";"aurora"
"2";"awake"
"1";"awaking"
"1";"aweary"
"6";"awhile"
"1";"axe"
"1";"babe"
"1";"bachelor"
"1";"backs"
"6";"bad"
"1";"bade"
"2";"baggage"
"1";"bait"
"1";"bak"
"1";"bakes"
"9";"bal"
"1";"baleful"
"1";"ball"
"7";"balthasar"
"1";"bandy"
"1";"bandying"
"5";"banish"
"17";"banished"
"8";"banishment"
"1";"bankrout"
"1";"banquet"
"1";"baptiz"
"3";"bare"
"1";"barefoot"
"1";"bargain"
"3";"bark"
"1";"basket"
"1";"baskets"
"1";"bating"
"1";"battlements"
"1";"bauble"
"3";"bawd"
"1";"bawdy"
"2";"beams"
"1";"bean"
"12";"bear"
"1";"beard"
"1";"bearing"
"2";"bears"
"3";"beast"
"1";"beasts"
"6";"beat"
"1";"beaten"
"4";"beats"
"2";"beauteous"
"3";"beauties"
"1";"beautiful"
"1";"beautify"
"13";"beauty"
"1";"becomed"
"25";"bed"
"1";"bedaub"
"1";"bedeck"
"1";"beetle"
"1";"befits"
"4";"beg"
"2";"began"
"2";"beggar"
"1";"beggarly"
"1";"beggars"
"1";"beggary"
"1";"beginners"
"1";"begone"
"1";"begot"
"3";"beguil"
"1";"begun"
"1";"behalf"
"1";"behaviour"
"1";"behests"
"7";"behold"
"1";"behooffull"
"2";"bell"
"1";"bells"
"1";"belong"
"1";"belonging"
"1";"belov"
"1";"beloved"
"64";"ben"
"1";"bench"
"1";"benedicite"
"1";"benefice"
"1";"bent"
"17";"benvolio"
"1";"bepaint"
"1";"berhyme"
"1";"bescreen"
"7";"beseech"
"3";"beseeming"
"4";"beshrew"
"1";"bestride"
"1";"bestrides"
"1";"betake"
"2";"bethink"
"1";"betossed"
"1";"betroth"
"1";"bewitched"
"22";"bid"
"1";"bide"
"1";"bids"
"2";"bier"
"2";"big"
"2";"bigger"
"1";"bills"
"3";"bird"
"1";"birds"
"4";"birth"
"1";"bit"
"8";"bite"
"1";"bitt"
"3";"bitter"
"2";"bitterly"
"11";"black"
"1";"bladders"
"2";"blade"
"1";"blades"
"1";"blame"
"1";"blaze"
"1";"blazon"
"2";"bleeding"
"1";"bleeds"
"2";"bless"
"5";"blessed"
"1";"blessing"
"1";"blessings"
"2";"blest"
"5";"blind"
"2";"bliss"
"1";"blister"
"1";"blisters"
"18";"blood"
"7";"bloody"
"2";"blow"
"3";"blows"
"1";"blubb"
"1";"blubbering"
"3";"blush"
"1";"blushing"
"1";"bodes"
"1";"bodies"
"11";"body"
"1";"boist"
"4";"bold"
"1";"bon"
"1";"bondage"
"2";"bone"
"8";"bones"
"8";"book"
"1";"books"
"1";"booted"
"2";"bore"
"3";"born"
"1";"borne"
"1";"borrow"
"2";"borrowed"
"8";"bosom"
"1";"bought"
"8";"bound"
"1";"boundless"
"1";"bounds"
"1";"bounty"
"1";"bout"
"5";"bow"
"1";"bower"
"1";"bowl"
"1";"boxes"
"15";"boy"
"1";"boys"
"1";"brace"
"1";"braggart"
"2";"brags"
"3";"brain"
"2";"brains"
"2";"brave"
"2";"brawl"
"1";"brawling"
"2";"brawls"
"1";"breaches"
"1";"bread"
"5";"break"
"1";"breaks"
"6";"breast"
"16";"breath"
"1";"breathe"
"1";"breathes"
"1";"breaths"
"1";"bred"
"3";"bridal"
"5";"bride"
"4";"bridegroom"
"5";"bright"
"1";"brightness"
"1";"brine"
"11";"bring"
"1";"bringing"
"2";"brings"
"1";"brisk"
"4";"broad"
"2";"broke"
"1";"broken"
"7";"brother"
"1";"brotherhood"
"1";"brought"
"5";"brow"
"3";"brows"
"1";"bucklers"
"2";"bud"
"1";"budge"
"1";"buds"
"1";"bump"
"1";"burial"
"4";"buried"
"3";"burn"
"1";"burneth"
"2";"burning"
"1";"burns"
"2";"burnt"
"3";"burthen"
"3";"bury"
"1";"burying"
"3";"business"
"1";"busy"
"1";"butcher"
"1";"butt"
"1";"button"
"3";"buy"
"1";"cage"
"1";"caitiff"
"1";"cakes"
"1";"calamity"
"1";"calling"
"10";"calls"
"3";"calm"
"2";"cam"
"1";"cancell"
"1";"candle"
"1";"candles"
"2";"cank"
"1";"canker"
"1";"cannon"
"1";"canopy"
"7";"canst"
"53";"cap"
"1";"capel"
"1";"capels"
"1";"captain"
"45";"capulet"
"6";"capulets"
"6";"care"
"1";"careful"
"1";"carelessly"
"1";"carriage"
"1";"carries"
"2";"carrion"
"2";"carry"
"9";"case"
"3";"cast"
"2";"cat"
"2";"catch"
"1";"catling"
"2";"cats"
"2";"cave"
"3";"cease"
"17";"cell"
"1";"centre"
"1";"cetera"
"1";"chain"
"2";"challenge"
"9";"chamber"
"1";"chambermaids"
"3";"chance"
"1";"chances"
"3";"chang"
"4";"change"
"1";"chaos"
"1";"chapless"
"3";"charge"
"1";"chariot"
"1";"charm"
"1";"charnel"
"1";"chase"
"1";"chaste"
"1";"chastity"
"1";"chat"
"1";"check"
"6";"cheek"
"6";"cheeks"
"2";"cheer"
"1";"cheerful"
"1";"cheering"
"2";"cheerly"
"1";"cheers"
"1";"cherish"
"1";"cherishing"
"1";"cheveril"
"1";"chid"
"5";"chide"
"6";"chief"
"1";"chiefly"
"16";"child"
"1";"childhood"
"1";"childish"
"3";"children"
"1";"chinks"
"2";"choice"
"1";"choking"
"2";"choler"
"3";"choose"
"1";"choplogic"
"2";"chor"
"3";"chorus"
"1";"christian"
"10";"church"
"7";"churchyard"
"1";"churl"
"1";"circle"
"1";"circled"
"2";"circumstance"
"2";"citizen"
"6";"citizens"
"4";"city"
"4";"civil"
"1";"claps"
"1";"clasps"
"1";"clear"
"1";"clears"
"1";"cleft"
"1";"cleopatra"
"2";"climb"
"1";"climbs"
"1";"cloak"
"3";"clock"
"3";"clos"
"6";"close"
"1";"closely"
"1";"closet"
"1";"clothes"
"8";"clouds"
"1";"cloudy"
"1";"clout"
"1";"clown"
"1";"club"
"2";"clubs"
"1";"coachmakers"
"1";"coals"
"1";"coated"
"3";"cock"
"1";"cockatrice"
"1";"coil"
"7";"cold"
"1";"coldly"
"1";"collar"
"1";"collars"
"1";"colliers"
"1";"combin"
"1";"combine"
"1";"comest"
"10";"comfort"
"1";"comfortable"
"1";"comforted"
"4";"coming"
"5";"commend"
"1";"commission"
"2";"common"
"6";"company"
"3";"compare"
"1";"compass"
"1";"complain"
"1";"compliment"
"1";"compliments"
"1";"compounds"
"1";"conceal"
"2";"conceit"
"1";"conceive"
"1";"concludes"
"2";"condemned"
"3";"conduct"
"1";"conduit"
"3";"confess"
"3";"confession"
"2";"confessor"
"1";"confidence"
"1";"confines"
"1";"confounds"
"1";"confusion"
"1";"confusions"
"1";"conjur"
"1";"conjuration"
"4";"conjure"
"1";"conquer"
"5";"consent"
"1";"consents"
"1";"consequence"
"3";"consort"
"1";"consorted"
"1";"consortest"
"1";"conspires"
"1";"constable"
"1";"constrains"
"1";"consume"
"1";"contagion"
"1";"contempt"
"3";"content"
"1";"continuance"
"1";"continue"
"1";"contract"
"1";"contradict"
"3";"contrary"
"1";"conveniently"
"1";"convert"
"1";"convey"
"1";"convoy"
"2";"cook"
"1";"cooks"
"1";"cop"
"1";"cophetua"
"1";"cordial"
"6";"cords"
"2";"corns"
"7";"corse"
"1";"cost"
"1";"cot"
"1";"couch"
"1";"coughing"
"2";"couldst"
"8";"counsel"
"2";"counsellor"
"5";"count"
"3";"counterfeit"
"1";"countervail"
"1";"country"
"1";"counts"
"20";"county"
"1";"couple"
"1";"courage"
"1";"courageous"
"1";"court"
"3";"courteous"
"3";"courtesy"
"1";"courtier"
"1";"courtiers"
"1";"courts"
"1";"courtship"
"18";"cousin"
"3";"cover"
"1";"covert"
"1";"coward"
"4";"coz"
"1";"cracking"
"1";"cram"
"1";"crave"
"3";"craves"
"1";"create"
"3";"creature"
"1";"cricket"
"1";"cried"
"3";"cries"
"1";"crimson"
"3";"cross"
"1";"crossing"
"1";"crotchets"
"5";"crow"
"1";"crowkeeper"
"1";"crown"
"1";"crows"
"4";"cruel"
"1";"crush"
"2";"crutch"
"2";"crying"
"1";"crystal"
"1";"cubbert"
"1";"cull"
"1";"culling"
"2";"cunning"
"3";"cup"
"5";"cupid"
"3";"cure"
"1";"cures"
"1";"curfew"
"1";"curious"
"1";"curs"
"1";"curse"
"2";"cursed"
"1";"cursies"
"1";"cursy"
"1";"curtain"
"3";"curtains"
"1";"custom"
"5";"cut"
"1";"cuts"
"1";"cutting"
"1";"cynthia"
"8";"dagger"
"1";"dainty"
"1";"damnation"
"4";"damned"
"1";"danc"
"5";"dance"
"2";"dancing"
"1";"danger"
"1";"dangerous"
"1";"dank"
"1";"dar"
"1";"dared"
"4";"dares"
"7";"dark"
"1";"darkness"
"1";"darting"
"1";"dash"
"1";"dashing"
"1";"dateless"
"1";"dates"
"17";"daughter"
"2";"daughters"
"51";"day"
"4";"daylight"
"9";"days"
"49";"dead"
"3";"deadly"
"2";"deaf"
"2";"deal"
"1";"dealing"
"27";"dear"
"1";"dearer"
"1";"dearest"
"2";"dearly"
"74";"death"
"1";"deathbed"
"2";"debt"
"1";"deceas"
"1";"deceit"
"2";"deceiv"
"1";"deck"
"1";"decree"
"1";"decreed"
"1";"dedicate"
"1";"deed"
"1";"deeds"
"6";"deep"
"1";"defence"
"1";"defiance"
"1";"deflowered"
"1";"deformities"
"2";"defy"
"3";"delay"
"1";"deliciousness"
"3";"delight"
"2";"delights"
"1";"deliver"
"1";"delivered"
"1";"demand"
"2";"demesnes"
"5";"den"
"1";"denied"
"1";"denote"
"4";"deny"
"4";"depart"
"1";"departed"
"1";"depend"
"1";"depriv"
"1";"depth"
"2";"descend"
"1";"descent"
"1";"descry"
"2";"desire"
"1";"desirest"
"2";"desp"
"2";"despair"
"8";"desperate"
"1";"despis"
"2";"despised"
"2";"determine"
"2";"detestable"
"3";"devil"
"3";"devise"
"2";"devotion"
"1";"devouring"
"1";"devout"
"5";"dew"
"1";"dexterity"
"1";"dial"
"1";"dian"
"1";"dido"
"6";"didst"
"23";"die"
"1";"died"
"4";"dies"
"1";"digging"
"1";"dignified"
"1";"dignity"
"1";"digressing"
"2";"dim"
"1";"din"
"1";"dine"
"3";"dinner"
"1";"dire"
"1";"direct"
"1";"direction"
"1";"direful"
"1";"dirges"
"1";"discern"
"1";"discharg"
"1";"discolour"
"3";"discords"
"2";"discourses"
"1";"discover"
"1";"discovered"
"1";"discovery"
"1";"discreet"
"1";"disgrace"
"1";"disguis"
"1";"dishclout"
"1";"dishonour"
"1";"dishonourable"
"1";"dislike"
"2";"dismal"
"1";"dismemb"
"2";"disobedient"
"1";"disparagement"
"1";"dispatch"
"1";"disperse"
"1";"displant"
"1";"displeas"
"1";"displeasure"
"1";"dispose"
"2";"disposition"
"1";"dispraise"
"1";"dispute"
"1";"dissemblers"
"1";"distance"
"1";"distemp"
"1";"distempered"
"1";"distill"
"1";"distilled"
"1";"distraught"
"1";"distressed"
"3";"disturb"
"1";"divers"
"1";"divideth"
"1";"divine"
"1";"divinest"
"1";"divining"
"1";"division"
"1";"divorced"
"1";"doctrine"
"1";"doff"
"6";"dog"
"1";"doleful"
"6";"doom"
"2";"doomsday"
"3";"door"
"2";"doors"
"16";"dost"
"47";"doth"
"2";"doting"
"1";"double"
"1";"doublet"
"4";"doubt"
"3";"dove"
"2";"dovehouse"
"1";"doves"
"1";"dowdy"
"1";"downright"
"1";"dozen"
"1";"drag"
"1";"dragon"
"2";"dram"
"1";"dramatis"
"1";"drave"
"11";"draw"
"1";"drawer"
"3";"drawn"
"5";"draws"
"1";"dreadful"
"10";"dream"
"1";"dreamers"
"5";"dreams"
"3";"dreamt"
"1";"dress"
"2";"drew"
"1";"dried"
"1";"drier"
"2";"drift"
"3";"drink"
"3";"drinks"
"1";"drivelling"
"1";"driveth"
"1";"driving"
"1";"drizzle"
"1";"drop"
"1";"dropping"
"1";"drops"
"1";"drown"
"1";"drowsy"
"1";"drudge"
"2";"drugs"
"1";"drum"
"1";"drums"
"3";"drunk"
"1";"drunkard"
"6";"dry"
"1";"ducats"
"2";"duellist"
"3";"dug"
"2";"dull"
"2";"dump"
"1";"dumps"
"2";"dun"
"1";"dust"
"3";"dwell"
"1";"dwells"
"1";"eagle"
"7";"ear"
"1";"earl"
"1";"earliness"
"17";"early"
"10";"ears"
"20";"earth"
"1";"earthen"
"1";"earthquake"
"5";"ease"
"4";"east"
"1";"easter"
"1";"eastern"
"1";"eats"
"1";"ebb"
"1";"echo"
"1";"effeminate"
"2";"egg"
"1";"elder"
"1";"elflocks"
"1";"ell"
"1";"eloquence"
"1";"embrace"
"1";"emperor"
"1";"empire"
"1";"employment"
"1";"enanmour"
"1";"encamp"
"3";"encounter"
"1";"endart"
"2";"ended"
"1";"endite"
"1";"ends"
"1";"endur"
"2";"endure"
"2";"enemies"
"6";"enemy"
"1";"enforce"
"1";"engrossing"
"1";"enjoin"
"1";"enjoy"
"2";"enmity"
"1";"enpierced"
"2";"enquire"
"1";"enrich"
"1";"ensign"
"82";"enter"
"2";"enters"
"2";"entertain"
"2";"entrance"
"2";"entreat"
"1";"entreated"
"6";"envious"
"1";"environed"
"1";"ercover"
"20";"ere"
"1";"erperch"
"1";"errand"
"2";"escalus"
"1";"estate"
"1";"esteem"
"1";"eternal"
"1";"ethiop"
"2";"eve"
"1";"evening"
"2";"everlasting"
"2";"examine"
"2";"excellent"
"2";"excels"
"1";"excess"
"3";"exchange"
"1";"excus"
"5";"excuse"
"1";"excuses"
"1";"execution"
"33";"exeunt"
"1";"exhales"
"1";"exil"
"6";"exile"
"33";"exit"
"1";"expects"
"1";"experienc"
"1";"expire"
"1";"exposition"
"1";"expressly"
"1";"exquisite"
"1";"extreme"
"1";"extremes"
"1";"extremities"
"1";"extremity"
"18";"eye"
"1";"eyeless"
"28";"eyes"
"2";"eyesight"
"23";"face"
"1";"fade"
"1";"fadom"
"2";"fail"
"1";"fails"
"5";"fain"
"3";"faint"
"1";"faintly"
"44";"fair"
"2";"fairer"
"1";"fairest"
"2";"fairies"
"18";"faith"
"3";"faithful"
"1";"faithfully"
"1";"falconer"
"16";"fall"
"7";"falls"
"2";"false"
"1";"falsehood"
"1";"familiar"
"1";"family"
"1";"famine"
"3";"fan"
"1";"fantasticoes"
"1";"fantasy"
"1";"fares"
"21";"farewell"
"1";"farthest"
"1";"fashion"
"3";"fast"
"1";"faster"
"4";"fatal"
"1";"fate"
"29";"father"
"4";"fault"
"2";"favour"
"1";"fay"
"15";"fear"
"1";"fearest"
"7";"fearful"
"1";"fearfully"
"1";"fears"
"6";"feast"
"2";"feasting"
"2";"feather"
"1";"feathers"
"2";"fee"
"7";"feel"
"2";"feeling"
"1";"fees"
"1";"feet"
"1";"feign"
"1";"fell"
"9";"fellow"
"4";"fellows"
"1";"fellowship"
"1";"felon"
"2";"felt"
"1";"female"
"1";"fest"
"2";"festival"
"7";"fetch"
"1";"fettle"
"3";"fickle"
"1";"fiddlestick"
"6";"fie"
"3";"field"
"3";"fiend"
"1";"fierce"
"3";"fiery"
"6";"fight"
"1";"fighting"
"2";"fights"
"1";"figure"
"1";"film"
"1";"finding"
"2";"finds"
"5";"fine"
"2";"finger"
"5";"fingers"
"1";"fir"
"1";"fires"
"2";"fish"
"1";"fisher"
"1";"fishes"
"1";"fishified"
"2";"fit"
"1";"fits"
"1";"flag"
"1";"flask"
"2";"flattering"
"1";"flecked"
"2";"fled"
"1";"fleer"
"7";"flesh"
"4";"flies"
"1";"flint"
"1";"flirt"
"1";"flood"
"1";"flourishes"
"3";"flow"
"1";"flowed"
"10";"flower"
"6";"flowers"
"4";"fly"
"6";"foe"
"1";"foes"
"1";"folks"
"7";"follow"
"1";"follower"
"1";"followers"
"3";"fond"
"3";"food"
"7";"fool"
"2";"foolish"
"2";"fools"
"9";"foot"
"1";"footed"
"2";"forbear"
"3";"forbid"
"1";"force"
"1";"forefathers"
"1";"forefinger"
"1";"forehead"
"1";"foreign"
"1";"forerun"
"2";"forfeit"
"9";"forget"
"1";"forgetting"
"2";"forgive"
"2";"forgot"
"5";"form"
"1";"forms"
"1";"forsaken"
"1";"forsooth"
"1";"forswear"
"4";"forsworn"
"1";"fortnight"
"9";"fortune"
"1";"fortunes"
"4";"fought"
"4";"foul"
"1";"fountains"
"6";"fourteen"
"2";"francis"
"3";"franciscan"
"1";"frank"
"4";"fray"
"2";"free"
"1";"freetown"
"1";"freezes"
"2";"french"
"2";"fresh"
"93";"friar"
"16";"friend"
"1";"friendly"
"4";"friends"
"1";"friendship"
"1";"fright"
"1";"frighted"
"1";"frost"
"2";"frown"
"1";"frowning"
"1";"frowns"
"1";"frozen"
"2";"fruit"
"1";"fume"
"1";"funeral"
"1";"furious"
"1";"furnish"
"1";"furthest"
"3";"fury"
"1";"gadding"
"1";"gainst"
"2";"gall"
"2";"gallant"
"1";"gallop"
"2";"gallops"
"1";"game"
"1";"gapes"
"1";"garish"
"1";"gate"
"1";"gavest"
"3";"gaze"
"2";"gear"
"2";"general"
"13";"gentle"
"14";"gentleman"
"1";"gentlemanlike"
"11";"gentlemen"
"1";"gentler"
"4";"gentlewoman"
"2";"gentlewomen"
"1";"ghost"
"4";"ghostly"
"1";"giddy"
"1";"gills"
"6";"girl"
"1";"girls"
"2";"glad"
"2";"gladly"
"1";"gleek"
"1";"glide"
"1";"glooming"
"1";"glorious"
"1";"glory"
"1";"glove"
"1";"gnat"
"35";"god"
"1";"goeth"
"5";"gold"
"4";"golden"
"84";"good"
"1";"goodly"
"1";"goodman"
"8";"goose"
"1";"gore"
"1";"gorg"
"1";"gorgeous"
"1";"gory"
"1";"gossamer"
"2";"gossip"
"1";"gossips"
"1";"govern"
"1";"government"
"1";"gown"
"5";"grace"
"1";"gracious"
"1";"grandsir"
"1";"grandsire"
"2";"grant"
"1";"grasshoppers"
"16";"grave"
"2";"graves"
"1";"gravity"
"1";"gray"
"1";"graze"
"9";"great"
"1";"greater"
"1";"greatest"
"5";"green"
"2";"greeting"
"15";"greg"
"5";"gregory"
"3";"grey"
"13";"grief"
"3";"griefs"
"1";"grievance"
"1";"grievances"
"1";"grieve"
"1";"grindstone"
"1";"griping"
"3";"groan"
"1";"groaning"
"2";"groans"
"1";"gross"
"10";"ground"
"1";"grove"
"2";"grow"
"3";"grown"
"2";"grows"
"1";"grub"
"1";"grubs"
"1";"grudge"
"1";"guards"
"2";"guest"
"4";"guests"
"1";"guide"
"2";"guilty"
"1";"gun"
"1";"gypsy"
"1";"gyves"
"6";"hadst"
"1";"hag"
"4";"hair"
"1";"hairs"
"2";"hall"
"1";"hams"
"25";"hand"
"13";"hands"
"1";"handsome"
"6";"hang"
"1";"hanging"
"2";"hangs"
"2";"hap"
"1";"haply"
"2";"happily"
"2";"happiness"
"12";"happy"
"4";"hard"
"5";"hare"
"4";"hark"
"1";"harlotry"
"1";"harlots"
"1";"harsh"
"28";"hast"
"14";"haste"
"1";"hasten"
"1";"hastes"
"1";"hasty"
"13";"hate"
"1";"hated"
"4";"hateful"
"64";"hath"
"1";"hatred"
"1";"haughty"
"1";"haunt"
"1";"haviour"
"1";"hay"
"1";"hazel"
"1";"hazelnut"
"14";"head"
"7";"heads"
"1";"headstrong"
"1";"health"
"1";"healths"
"1";"healthsome"
"1";"heap"
"24";"hear"
"2";"heard"
"1";"hearest"
"1";"heareth"
"2";"hearing"
"33";"heart"
"1";"hearted"
"1";"heartless"
"3";"hearts"
"1";"heartsick"
"1";"heat"
"28";"heaven"
"1";"heavenly"
"4";"heavens"
"2";"heaviness"
"10";"heavy"
"2";"heed"
"2";"heel"
"1";"heels"
"5";"heir"
"2";"held"
"1";"helen"
"1";"helena"
"5";"hell"
"2";"helps"
"2";"henceforth"
"2";"henceforward"
"1";"herald"
"1";"heralds"
"2";"herbs"
"1";"hereabout"
"1";"hereabouts"
"1";"heretics"
"1";"hero"
"1";"herring"
"8";"hide"
"1";"hideous"
"8";"hie"
"9";"high"
"1";"highmost"
"1";"highway"
"1";"hilding"
"1";"hildings"
"1";"hill"
"1";"hills"
"1";"hinds"
"3";"hire"
"1";"hiss"
"2";"hist"
"7";"hit"
"4";"hoar"
"1";"hoars"
"2";"hoarse"
"17";"hold"
"1";"holder"
"1";"holding"
"1";"hole"
"1";"holidam"
"1";"holiday"
"3";"hollow"
"1";"holp"
"21";"holy"
"1";"homely"
"7";"honest"
"1";"honestly"
"1";"honesty"
"3";"honey"
"5";"honour"
"5";"honourable"
"3";"hood"
"1";"hoodwink"
"1";"hooks"
"1";"hoop"
"1";"hop"
"4";"hope"
"1";"hopeful"
"1";"hopes"
"1";"horrible"
"2";"horses"
"7";"hot"
"16";"hour"
"9";"hours"
"28";"house"
"2";"households"
"7";"houses"
"1";"housewife"
"1";"howling"
"1";"huge"
"1";"hugh"
"1";"humbly"
"1";"humorous"
"3";"humour"
"1";"humours"
"1";"hung"
"1";"hungry"
"2";"hunt"
"1";"hunting"
"1";"hurdle"
"1";"hurry"
"6";"hurt"
"13";"husband"
"1";"hymns"
"1";"idle"
"1";"idles"
"1";"idolatry"
"1";"ignorance"
"6";"iii"
"16";"ill"
"1";"imagin"
"1";"immoderately"
"3";"immortal"
"1";"impatient"
"1";"impeach"
"2";"import"
"1";"importun"
"1";"impute"
"1";"inauspicious"
"1";"inch"
"3";"inconstant"
"1";"incorporate"
"1";"inexorable"
"1";"infant"
"2";"infection"
"1";"infectious"
"1";"infinite"
"1";"infold"
"1";"inherit"
"1";"injur"
"1";"injuries"
"1";"ink"
"1";"instant"
"2";"instruments"
"1";"intend"
"1";"intended"
"4";"intents"
"1";"intercession"
"1";"interchanging"
"1";"interr"
"1";"interrupt"
"1";"intrusion"
"1";"inundation"
"1";"invite"
"1";"invited"
"1";"invocation"
"5";"iron"
"1";"issue"
"1";"issuing"
"1";"italy"
"1";"itch"
"2";"jack"
"1";"jacks"
"1";"james"
"1";"jaunce"
"1";"jauncing"
"1";"jaws"
"4";"jealous"
"6";"jest"
"1";"jests"
"3";"jesu"
"1";"jewel"
"1";"jocund"
"10";"john"
"2";"join"
"1";"joiner"
"2";"joint"
"3";"joints"
"1";"jointure"
"1";"jour"
"1";"journey"
"1";"jove"
"14";"joy"
"5";"joyful"
"2";"joys"
"3";"judgment"
"1";"juiced"
"117";"jul"
"3";"jule"
"66";"juliet"
"1";"justice"
"1";"justly"
"1";"keepers"
"17";"kill"
"1";"killing"
"1";"kin"
"6";"kind"
"1";"kindly"
"3";"kindred"
"2";"king"
"1";"kings"
"14";"kinsman"
"4";"kinsmen"
"10";"kiss"
"6";"kisses"
"1";"kitchen"
"4";"knave"
"1";"knaves"
"3";"knees"
"3";"knew"
"4";"knife"
"2";"knight"
"1";"knit"
"7";"knock"
"2";"knocks"
"1";"knot"
"5";"knowest"
"1";"label"
"1";"labour"
"1";"lace"
"1";"lacks"
"1";"ladder"
"5";"ladies"
"77";"lady"
"1";"ladybird"
"1";"ladyship"
"5";"laid"
"3";"lain"
"4";"lamb"
"1";"lame"
"1";"lament"
"5";"lamentable"
"2";"lamentation"
"2";"lammas"
"1";"lammastide"
"1";"lamp"
"1";"lamps"
"1";"lane"
"1";"language"
"1";"languish"
"2";"lanthorn"
"1";"lap"
"1";"large"
"6";"lark"
"1";"lash"
"1";"lasting"
"12";"late"
"1";"lath"
"3";"laugh"
"1";"laughs"
"4";"laur"
"1";"laura"
"22";"laurence"
"12";"law"
"1";"lawyers"
"11";"lay"
"2";"lays"
"2";"lazy"
"6";"lead"
"1";"leaf"
"1";"lean"
"1";"leans"
"2";"leap"
"1";"leaps"
"1";"leapt"
"3";"learn"
"2";"learned"
"1";"learning"
"1";"learns"
"2";"learnt"
"13";"leave"
"2";"leaves"
"1";"leaving"
"4";"left"
"2";"leg"
"2";"legs"
"2";"leisure"
"1";"lend"
"3";"lends"
"1";"lengthens"
"1";"lenity"
"4";"lent"
"1";"lenten"
"1";"lesser"
"1";"lessoned"
"14";"letter"
"5";"letters"
"1";"letting"
"1";"level"
"1";"liars"
"3";"liberty"
"3";"lick"
"21";"lie"
"1";"liege"
"19";"lies"
"1";"liest"
"1";"lieve"
"24";"life"
"1";"lifts"
"29";"light"
"1";"lightens"
"1";"lightly"
"1";"lightness"
"4";"lightning"
"1";"lights"
"3";"likeness"
"1";"liking"
"2";"limbs"
"1";"limit"
"1";"limits"
"1";"limping"
"1";"lineament"
"1";"lip"
"17";"lips"
"1";"liquid"
"1";"liquor"
"1";"lisping"
"1";"list"
"1";"liv"
"19";"live"
"1";"lively"
"1";"liver"
"2";"livery"
"14";"lives"
"1";"livest"
"1";"livia"
"5";"living"
"2";"loathed"
"3";"loathsome"
"2";"locks"
"1";"lodge"
"1";"lodges"
"2";"lodging"
"1";"loggerhead"
"3";"logs"
"1";"loins"
"1";"lolling"
"1";"lone"
"17";"long"
"5";"longer"
"1";"loose"
"31";"lord"
"2";"lose"
"4";"loss"
"3";"lost"
"1";"loud"
"5";"lov"
"151";"love"
"2";"lovely"
"4";"lover"
"8";"lovers"
"3";"loves"
"7";"loving"
"1";"lucentio"
"1";"lucio"
"1";"lure"
"1";"lurk"
"1";"lustier"
"2";"lusty"
"3";"mab"
"10";"mad"
"23";"madam"
"1";"madly"
"3";"madman"
"1";"madmen"
"1";"madness"
"10";"maid"
"2";"maiden"
"2";"maidenhead"
"1";"maidenheads"
"1";"maidenhoods"
"6";"maids"
"1";"maintains"
"3";"making"
"1";"mall"
"1";"mammet"
"77";"man"
"2";"manage"
"1";"mandrakes"
"1";"manent"
"1";"manes"
"1";"mangle"
"2";"mangled"
"1";"manly"
"1";"manner"
"1";"mannerly"
"2";"manners"
"2";"mansion"
"1";"mantle"
"15";"mantua"
"2";"mar"
"1";"march"
"1";"marchpane"
"1";"margent"
"1";"maria"
"7";"mark"
"1";"markman"
"1";"marr"
"11";"marriage"
"19";"married"
"23";"marry"
"1";"martial"
"1";"martino"
"1";"martyr"
"1";"marvellous"
"3";"mask"
"5";"maskers"
"1";"masks"
"1";"masque"
"2";"mass"
"12";"master"
"1";"masterless"
"1";"masters"
"6";"match"
"1";"mates"
"1";"matron"
"6";"matter"
"3";"mattock"
"1";"maw"
"3";"mayst"
"1";"meagre"
"1";"meanest"
"3";"meaning"
"2";"meant"
"7";"measure"
"1";"measuring"
"3";"meat"
"1";"meats"
"1";"meddle"
"1";"medicine"
"1";"medlar"
"1";"medlars"
"8";"meet"
"1";"meeting"
"1";"melancholy"
"1";"memory"
"29";"men"
"1";"menace"
"2";"mend"
"62";"mer"
"1";"merchandise"
"1";"merchant"
"2";"merciful"
"26";"mercutio"
"5";"mercy"
"2";"merit"
"1";"merrily"
"1";"merriment"
"8";"merry"
"1";"messages"
"2";"messenger"
"4";"met"
"1";"meteor"
"3";"methinks"
"1";"mew"
"1";"mickle"
"1";"midwife"
"2";"mightst"
"1";"miles"
"1";"milk"
"8";"mind"
"1";"minded"
"1";"minds"
"1";"minim"
"1";"minion"
"1";"minist"
"1";"minstrel"
"2";"minstrels"
"4";"minute"
"1";"mire"
"1";"misadventur"
"2";"misadventure"
"1";"misapplied"
"1";"misbhav"
"1";"miscarried"
"1";"mischance"
"1";"mischief"
"2";"miserable"
"2";"misery"
"2";"misfortune"
"1";"misgives"
"2";"misshapen"
"1";"missheathed"
"1";"mist"
"1";"mista"
"1";"mistaking"
"1";"mistempered"
"1";"misterm"
"11";"mistress"
"1";"mistresses"
"1";"misty"
"1";"mix"
"1";"mixture"
"1";"moans"
"1";"mocker"
"1";"moderately"
"1";"modern"
"3";"modesty"
"1";"moe"
"10";"mon"
"1";"monarch"
"2";"monday"
"1";"money"
"1";"mongers"
"1";"monster"
"1";"montage"
"33";"montague"
"5";"montagues"
"2";"month"
"1";"monthly"
"7";"monument"
"1";"mood"
"2";"moody"
"4";"moon"
"1";"moonshine"
"3";"morn"
"11";"morning"
"21";"morrow"
"1";"morsel"
"3";"mortal"
"2";"mortals"
"30";"mother"
"2";"mothers"
"2";"motion"
"1";"mountain"
"1";"mourners"
"4";"mouse"
"2";"mouth"
"1";"mov"
"6";"moved"
"1";"moves"
"1";"moveth"
"1";"muffle"
"1";"muffled"
"1";"mumbling"
"2";"murd"
"2";"murder"
"1";"murdered"
"1";"murderer"
"2";"murders"
"6";"murther"
"2";"murtherer"
"14";"mus"
"10";"music"
"9";"musicians"
"1";"musty"
"2";"mutiny"
"1";"naked"
"1";"nam"
"4";"names"
"1";"napkins"
"1";"narrow"
"2";"native"
"2";"natural"
"6";"nature"
"3";"naught"
"1";"necessaries"
"2";"neck"
"3";"ned"
"1";"needful"
"1";"needly"
"3";"needy"
"1";"neglecting"
"2";"neighbour"
"1";"nell"
"4";"nephew"
"2";"nest"
"1";"nets"
"2";"newly"
"15";"news"
"2";"nice"
"1";"nickname"
"1";"niece"
"1";"nieces"
"88";"night"
"3";"nightingale"
"4";"nightly"
"1";"nights"
"2";"nimble"
"1";"ning"
"1";"nipple"
"7";"noble"
"1";"nobleman"
"1";"nobly"
"6";"noise"
"1";"noon"
"1";"north"
"2";"nose"
"1";"noses"
"4";"note"
"1";"notes"
"1";"notice"
"1";"noting"
"1";"nourish"
"2";"number"
"1";"numbers"
"1";"nuns"
"1";"nuptial"
"2";"nurs"
"150";"nurse"
"1";"nuts"
"2";"obey"
"1";"obscur"
"2";"obsequies"
"3";"occasion"
"1";"occupy"
"2";"odd"
"1";"oddly"
"1";"odds"
"1";"offence"
"2";"offer"
"2";"office"
"3";"officer"
"4";"oft"
"1";"older"
"1";"omit"
"1";"omnes"
"2";"ope"
"5";"open"
"1";"opens"
"1";"operation"
"1";"opportunity"
"1";"opposed"
"1";"opposition"
"1";"oppress"
"3";"oppression"
"1";"orb"
"7";"orchard"
"1";"ordained"
"2";"order"
"1";"orisons"
"2";"ornament"
"2";"ornaments"
"1";"osier"
"1";"outcry"
"2";"outrage"
"1";"overheard"
"1";"overset"
"1";"overthrown"
"1";"overthrows"
"1";"overwhelming"
"1";"owe"
"1";"owes"
"1";"pacing"
"2";"pack"
"1";"packthread"
"3";"pain"
"2";"pains"
"1";"painted"
"1";"painter"
"2";"pair"
"2";"palace"
"11";"pale"
"2";"palm"
"2";"palmers"
"1";"paly"
"1";"pantry"
"3";"paper"
"23";"par"
"2";"paradise"
"1";"paramour"
"11";"pardon"
"1";"pardona"
"1";"pardoning"
"1";"parentage"
"2";"parents"
"36";"paris"
"1";"parson"
"1";"parted"
"1";"parties"
"1";"parting"
"3";"partisans"
"1";"partly"
"2";"parts"
"4";"pass"
"2";"passado"
"1";"passage"
"2";"passing"
"3";"passion"
"1";"pastry"
"1";"pate"
"1";"path"
"1";"pathways"
"5";"patience"
"3";"patient"
"4";"pay"
"19";"peace"
"1";"pear"
"1";"peer"
"1";"peevish"
"1";"pen"
"1";"penalty"
"1";"pencil"
"1";"penny"
"1";"pennyworths"
"1";"pens"
"1";"pensive"
"1";"pentecost"
"1";"penury"
"1";"people"
"1";"peppered"
"1";"perchance"
"1";"perfection"
"2";"perforce"
"1";"perform"
"1";"performing"
"1";"peril"
"1";"perilous"
"1";"perjur"
"1";"perjuries"
"1";"perjury"
"1";"pernicious"
"2";"person"
"1";"personae"
"2";"persons"
"1";"peruse"
"1";"perverse"
"1";"pestilence"
"1";"pestilent"
"10";"pet"
"20";"peter"
"1";"petrarch"
"1";"petruchio"
"1";"phaeton"
"3";"philosophy"
"1";"phoebus"
"1";"phrase"
"1";"physic"
"1";"pie"
"2";"piece"
"1";"pieces"
"1";"pierc"
"1";"piercing"
"1";"pig"
"2";"pilgrim"
"1";"pilgrimage"
"2";"pilgrims"
"2";"pilot"
"2";"pin"
"1";"pinion"
"2";"pink"
"1";"pipes"
"1";"pitch"
"1";"pitcher"
"5";"piteous"
"2";"pitiful"
"2";"pity"
"13";"place"
"1";"placentio"
"3";"plague"
"1";"plagues"
"1";"plain"
"1";"plainly"
"1";"plant"
"1";"plantain"
"1";"plants"
"1";"plate"
"1";"plats"
"9";"play"
"1";"playing"
"2";"plays"
"1";"pleading"
"1";"pleasant"
"5";"pleasure"
"2";"pluck"
"1";"plucks"
"5";"point"
"1";"points"
"1";"pois"
"14";"poison"
"1";"pomegranate"
"18";"poor"
"1";"pop"
"1";"portentous"
"1";"porter"
"1";"portly"
"3";"possess"
"2";"post"
"1";"posterity"
"1";"posthorses"
"1";"pothecary"
"2";"potion"
"2";"potpan"
"1";"pots"
"1";"poultice"
"1";"pout"
"2";"poverty"
"3";"powder"
"5";"power"
"1";"powerful"
"1";"pox"
"1";"practise"
"1";"prais"
"1";"prating"
"18";"pray"
"2";"prayer"
"2";"prayers"
"4";"precious"
"1";"predicament"
"1";"predominant"
"1";"prefixed"
"1";"prepar"
"5";"prepare"
"1";"presage"
"2";"presence"
"3";"presently"
"1";"preserving"
"2";"press"
"2";"presses"
"1";"prest"
"2";"prettiest"
"7";"pretty"
"1";"prevails"
"2";"prevent"
"1";"prevented"
"2";"price"
"3";"prick"
"1";"pricking"
"1";"pricks"
"1";"pricksong"
"2";"pride"
"42";"prince"
"1";"princely"
"1";"princox"
"2";"prison"
"1";"prisoner"
"2";"private"
"1";"privy"
"1";"proceeding"
"1";"procure"
"1";"procures"
"1";"prodigious"
"1";"profane"
"1";"profaners"
"1";"profess"
"1";"progress"
"1";"prolixity"
"3";"prologue"
"1";"promis"
"1";"promise"
"1";"promotion"
"1";"prompt"
"1";"prompter"
"3";"pronounce"
"3";"proof"
"1";"propagate"
"1";"properer"
"2";"proportion"
"1";"prorogue"
"1";"prorogued"
"2";"prosperous"
"1";"prostrate"
"3";"protest"
"1";"prouds"
"6";"prove"
"1";"proverb"
"1";"proves"
"1";"provision"
"1";"provoke"
"1";"prudence"
"1";"pry"
"3";"public"
"1";"puffs"
"1";"puling"
"1";"pulse"
"2";"pump"
"1";"punish"
"1";"punished"
"1";"punto"
"1";"pupil"
"1";"purblind"
"1";"purchase"
"3";"pure"
"2";"purg"
"1";"purgatory"
"1";"purge"
"1";"purple"
"3";"purpose"
"2";"pursu"
"1";"pursuing"
"1";"push"
"1";"puts"
"1";"putting"
"1";"qualities"
"11";"quarrel"
"1";"quarrell"
"2";"quarrelling"
"1";"quarrels"
"1";"quarter"
"1";"quean"
"1";"queen"
"2";"quench"
"2";"question"
"2";"quick"
"4";"quiet"
"1";"quinces"
"1";"quit"
"1";"quivering"
"1";"quivers"
"1";"quote"
"5";"quoth"
"4";"rage"
"1";"raging"
"1";"railest"
"1";"rains"
"2";"rais"
"4";"raise"
"1";"rancour"
"2";"rank"
"3";"rapier"
"1";"rash"
"1";"rat"
"1";"ratcatcher"
"4";"rate"
"1";"rattling"
"1";"rature"
"2";"raven"
"1";"ravening"
"1";"reach"
"6";"read"
"1";"reads"
"5";"ready"
"1";"rearward"
"6";"reason"
"1";"rebeck"
"1";"rebellious"
"1";"receipt"
"1";"receive"
"1";"receptacle"
"1";"reck"
"1";"reckoning"
"1";"reclaim"
"1";"reconcile"
"12";"red"
"1";"redeem"
"1";"redress"
"1";"reeky"
"1";"reels"
"1";"reflex"
"1";"refuse"
"1";"region"
"2";"reign"
"2";"rejoice"
"1";"rel"
"1";"religion"
"2";"remain"
"1";"remedies"
"3";"remedy"
"2";"rememb"
"6";"remember"
"1";"remnants"
"1";"remov"
"4";"remove"
"1";"renown"
"2";"repent"
"1";"repetition"
"1";"repliest"
"1";"reply"
"1";"report"
"1";"repose"
"1";"reputation"
"1";"request"
"1";"residence"
"1";"resign"
"1";"resolution"
"1";"resolve"
"1";"resort"
"2";"respect"
"1";"respective"
"1";"respects"
"17";"rest"
"1";"restorative"
"1";"rests"
"1";"retain"
"1";"retire"
"3";"retires"
"1";"retorts"
"6";"return"
"1";"revel"
"1";"revels"
"1";"revenge"
"1";"reverence"
"1";"reverend"
"2";"reverse"
"2";"reviv"
"1";"revive"
"1";"revolt"
"1";"revolts"
"2";"rhyme"
"1";"riband"
"10";"rich"
"1";"rid"
"2";"riddling"
"1";"righteous"
"1";"rigour"
"1";"rin"
"1";"rind"
"14";"ring"
"1";"ripe"
"1";"ripening"
"1";"rise"
"2";"rises"
"2";"rite"
"1";"rites"
"1";"roar"
"2";"roaring"
"2";"robes"
"1";"rocks"
"1";"rode"
"1";"roe"
"1";"rogue"
"163";"rom"
"156";"romeo"
"1";"rood"
"2";"room"
"1";"rooteth"
"1";"ropery"
"1";"ropes"
"10";"rosaline"
"1";"rose"
"3";"rosemary"
"2";"roses"
"1";"rote"
"1";"rotten"
"5";"rough"
"1";"rous"
"3";"rouse"
"5";"rude"
"3";"rul"
"1";"runagate"
"1";"runaway"
"1";"rung"
"1";"runn"
"1";"runs"
"1";"rush"
"2";"rushes"
"1";"sack"
"1";"sacrific"
"1";"sacrifices"
"5";"sad"
"1";"sadly"
"4";"sadness"
"1";"safety"
"3";"sail"
"1";"sailing"
"1";"sails"
"10";"saint"
"3";"saints"
"4";"sake"
"1";"sale"
"1";"sallow"
"2";"salt"
"1";"salutation"
"1";"saluteth"
"20";"samp"
"4";"sampson"
"1";"satisfaction"
"5";"satisfied"
"1";"sauce"
"2";"saucy"
"1";"savage"
"3";"save"
"1";"sayest"
"1";"scales"
"1";"scant"
"2";"scape"
"1";"scarce"
"1";"scare"
"1";"scarf"
"1";"scaring"
"2";"scarlet"
"1";"scars"
"1";"scathe"
"1";"scattered"
"27";"scene"
"1";"school"
"1";"schoolboys"
"1";"scope"
"1";"score"
"5";"scorn"
"1";"scourge"
"1";"scrape"
"3";"scratch"
"2";"scurvy"
"7";"sea"
"4";"seal"
"4";"search"
"1";"searchers"
"1";"seasick"
"1";"season"
"4";"secret"
"1";"seducing"
"1";"seeds"
"4";"seek"
"1";"seeking"
"1";"seeks"
"1";"sees"
"2";"seest"
"1";"seize"
"4";"sell"
"1";"semblance"
"13";"send"
"1";"sending"
"1";"sends"
"3";"sense"
"1";"senseless"
"1";"senses"
"2";"sentence"
"1";"sententious"
"1";"separated"
"2";"sepulchre"
"1";"serpent"
"1";"serpents"
"20";"serv"
"7";"servant"
"3";"servants"
"6";"serve"
"1";"serves"
"2";"serving"
"5";"servingman"
"3";"servingmen"
"9";"set"
"1";"sets"
"1";"settled"
"1";"severest"
"1";"severing"
"1";"severity"
"2";"shadows"
"1";"shady"
"2";"shaft"
"2";"shake"
"1";"shakespeare"
"11";"shalt"
"12";"shame"
"2";"shamest"
"1";"shanks"
"5";"shape"
"1";"shaped"
"2";"share"
"3";"sharp"
"1";"sharps"
"1";"sheath"
"1";"sheet"
"1";"shelves"
"1";"shield"
"1";"shift"
"1";"shin"
"1";"shining"
"1";"shirt"
"1";"shoemaker"
"2";"shoes"
"2";"shop"
"1";"shore"
"7";"short"
"1";"shortly"
"3";"shot"
"1";"shriek"
"1";"shrieks"
"5";"shrift"
"1";"shrine"
"1";"shriv"
"3";"shroud"
"1";"shrunk"
"1";"shunn"
"5";"shut"
"2";"shuts"
"7";"sick"
"1";"sickness"
"1";"sides"
"2";"siege"
"1";"sigh"
"5";"sighs"
"9";"sight"
"1";"signal"
"1";"signify"
"4";"signior"
"2";"silk"
"10";"silver"
"1";"simon"
"5";"simple"
"1";"simpleness"
"1";"simples"
"13";"sin"
"2";"sing"
"1";"singer"
"2";"single"
"1";"singleness"
"4";"sings"
"2";"singular"
"2";"sink"
"1";"sinners"
"57";"sir"
"6";"sirrah"
"1";"sisterhood"
"1";"sisters"
"7";"sit"
"2";"sits"
"2";"sitting"
"1";"skains"
"1";"skill"
"1";"skilless"
"1";"skins"
"2";"skulls"
"1";"slack"
"17";"slain"
"1";"sland"
"2";"slander"
"2";"slaught"
"3";"slaughter"
"3";"slave"
"4";"slay"
"1";"slays"
"12";"sleep"
"2";"sleeping"
"2";"sleeps"
"5";"slew"
"1";"slewest"
"2";"slip"
"1";"slop"
"5";"slow"
"1";"slug"
"1";"sluttish"
"3";"small"
"1";"smallest"
"1";"smatter"
"1";"smell"
"1";"smelling"
"1";"smells"
"1";"smelt"
"2";"smile"
"2";"smiles"
"1";"smilest"
"1";"smock"
"2";"smoke"
"2";"smooth"
"1";"snatches"
"1";"snow"
"1";"snowy"
"2";"soar"
"1";"sober"
"1";"sociable"
"1";"society"
"6";"soft"
"1";"softest"
"1";"sojourn"
"1";"solace"
"3";"sold"
"2";"soldier"
"2";"sole"
"2";"solely"
"1";"solemn"
"3";"solemnity"
"1";"soles"
"19";"son"
"1";"song"
"1";"sooner"
"1";"soonest"
"1";"sore"
"8";"sorrow"
"2";"sorrows"
"1";"sort"
"1";"sorted"
"4";"sought"
"14";"soul"
"2";"souls"
"13";"sound"
"2";"sounding"
"2";"soundly"
"1";"soundpost"
"1";"sounds"
"4";"sour"
"1";"south"
"1";"sovereign"
"2";"spade"
"2";"spake"
"1";"spakest"
"1";"spanish"
"1";"spare"
"1";"sparing"
"1";"sparkling"
"30";"speak"
"6";"speaks"
"1";"special"
"1";"sped"
"1";"speech"
"3";"speed"
"1";"speeding"
"1";"speedy"
"1";"spell"
"3";"spent"
"1";"spheres"
"1";"spices"
"1";"spider"
"1";"spill"
"1";"spinners"
"4";"spirit"
"1";"spirits"
"1";"spit"
"4";"spite"
"1";"spited"
"1";"spits"
"1";"spleen"
"1";"splendour"
"6";"spoke"
"1";"spoken"
"1";"spokes"
"2";"sport"
"2";"spread"
"2";"spring"
"1";"sprung"
"2";"spurs"
"2";"spy"
"1";"squirrel"
"1";"stabb"
"1";"stabs"
"2";"stage"
"3";"stain"
"1";"stained"
"1";"stainless"
"1";"stains"
"1";"stair"
"1";"stakes"
"1";"stale"
"26";"stand"
"4";"stands"
"1";"star"
"1";"stark"
"7";"stars"
"1";"startles"
"2";"starts"
"1";"starv"
"1";"starve"
"1";"starveth"
"1";"statue"
"31";"stay"
"1";"staying"
"2";"stays"
"1";"steads"
"2";"steal"
"1";"steals"
"1";"stealth"
"1";"steeds"
"4";"steel"
"1";"steep"
"1";"steerage"
"1";"step"
"1";"stepping"
"2";"stick"
"2";"stiff"
"1";"stifled"
"1";"stint"
"2";"stinted"
"6";"stir"
"1";"stirreth"
"1";"stirring"
"1";"stirs"
"1";"stoccata"
"1";"stock"
"2";"stol"
"1";"stole"
"2";"stone"
"2";"stones"
"2";"stony"
"1";"stools"
"1";"stopp"
"2";"store"
"2";"storm"
"2";"story"
"2";"stout"
"10";"straight"
"2";"strain"
"1";"straining"
"1";"strains"
"6";"strange"
"1";"stranger"
"1";"strangers"
"1";"strangled"
"1";"stratagems"
"2";"streaks"
"1";"stream"
"6";"street"
"4";"streets"
"6";"strength"
"1";"stretch"
"1";"stretches"
"4";"strew"
"2";"strife"
"5";"strike"
"1";"strive"
"1";"stroke"
"3";"strong"
"2";"struck"
"1";"strucken"
"1";"study"
"2";"stuff"
"1";"stumble"
"1";"stumbled"
"1";"stumblest"
"1";"stumbling"
"1";"subject"
"1";"subjects"
"1";"submission"
"3";"substance"
"1";"substantial"
"1";"subtilly"
"2";"suck"
"1";"sucking"
"7";"sudden"
"1";"suffer"
"3";"suit"
"1";"suited"
"2";"sullen"
"2";"sum"
"3";"summer"
"1";"summers"
"16";"sun"
"1";"sunder"
"1";"sunset"
"4";"supper"
"1";"supple"
"1";"supported"
"2";"suppos"
"1";"supposed"
"1";"sups"
"1";"surcease"
"1";"surgeon"
"3";"susan"
"1";"suspected"
"1";"suspecting"
"2";"suspicion"
"1";"swallowed"
"1";"swan"
"1";"swashing"
"1";"sway"
"10";"swear"
"1";"swears"
"35";"sweet"
"1";"sweeten"
"1";"sweeter"
"3";"sweetest"
"1";"sweetheart"
"1";"sweeting"
"1";"sweetly"
"1";"sweetmeats"
"4";"swift"
"1";"swifter"
"2";"swits"
"7";"sword"
"5";"swords"
"3";"sworn"
"1";"swounded"
"1";"swung"
"1";"sycamore"
"1";"sympathy"
"1";"table"
"1";"tables"
"1";"tackled"
"1";"tail"
"2";"tailor"
"1";"tainted"
"1";"taker"
"6";"tale"
"16";"talk"
"1";"tall"
"1";"tallow"
"1";"tardy"
"1";"tarry"
"1";"tartar"
"1";"tassel"
"3";"taste"
"1";"tasted"
"1";"tatt"
"1";"tavern"
"3";"teach"
"1";"team"
"5";"tear"
"20";"tears"
"1";"teat"
"2";"tedious"
"1";"teen"
"1";"teeth"
"1";"temp"
"3";"temper"
"1";"tempest"
"1";"tempt"
"7";"tender"
"2";"term"
"1";"terms"
"2";"terror"
"1";"testify"
"1";"tetchy"
"1";"text"
"2";"thankful"
"1";"thankings"
"138";"thee"
"1";"theme"
"1";"therewithal"
"1";"thievish"
"1";"thigh"
"14";"thine"
"1";"thinkest"
"1";"thinking"
"1";"thinly"
"4";"thither"
"1";"thorn"
"9";"thought"
"3";"thoughts"
"1";"thread"
"2";"threat"
"1";"thrice"
"1";"thrills"
"1";"thrive"
"1";"throats"
"2";"throne"
"1";"throw"
"1";"thrown"
"1";"throws"
"3";"thrust"
"2";"thrusts"
"6";"thumb"
"14";"thursday"
"1";"thwarted"
"164";"thy"
"7";"thyself"
"1";"tiberio"
"1";"tickle"
"1";"tickling"
"3";"tidings"
"1";"ties"
"1";"tigers"
"1";"tilts"
"32";"time"
"1";"timeless"
"8";"times"
"1";"tips"
"1";"tiptoe"
"41";"tis"
"1";"titan"
"1";"tithe"
"1";"title"
"3";"toad"
"1";"toes"
"3";"toil"
"3";"told"
"10";"tomb"
"1";"tombs"
"11";"tongue"
"1";"tongues"
"1";"tool"
"1";"topgallant"
"2";"tops"
"8";"torch"
"1";"torchbearer"
"2";"torchbearers"
"2";"torches"
"1";"torment"
"1";"tormented"
"1";"torments"
"1";"torn"
"1";"tortoise"
"4";"torture"
"1";"tossed"
"3";"touch"
"1";"touching"
"1";"tower"
"4";"town"
"1";"toy"
"1";"traces"
"1";"traffic"
"1";"tragedy"
"2";"train"
"1";"traitor"
"1";"transgression"
"1";"transparent"
"1";"treacherous"
"1";"tread"
"1";"treading"
"1";"treads"
"1";"treason"
"1";"treasure"
"5";"tree"
"1";"trees"
"2";"tremble"
"1";"trembles"
"2";"trencher"
"1";"trespass"
"1";"tributary"
"1";"trick"
"1";"trifling"
"2";"trim"
"2";"triumph"
"1";"triumphant"
"1";"trooping"
"2";"troth"
"2";"trouble"
"1";"troubled"
"2";"trow"
"1";"truce"
"1";"truckle"
"2";"trudge"
"28";"true"
"1";"trumpet"
"1";"trunk"
"5";"trust"
"1";"trusty"
"5";"truth"
"2";"tune"
"1";"tuners"
"13";"turn"
"2";"turning"
"3";"turns"
"2";"tush"
"4";"tut"
"1";"tutor"
"1";"tutored"
"2";"twain"
"3";"twas"
"1";"twere"
"1";"twill"
"1";"twinkle"
"1";"twisted"
"2";"twixt"
"1";"twould"
"17";"tyb"
"65";"tybalt"
"1";"tybalts"
"1";"tying"
"1";"tyrannous"
"2";"tyrant"
"3";"unaccustom"
"1";"unadvis"
"1";"unattainted"
"1";"unbound"
"1";"unbruised"
"4";"uncle"
"1";"unclean"
"1";"uncomfortable"
"1";"uncovered"
"1";"undertake"
"2";"undone"
"1";"uneven"
"1";"unfirm"
"1";"unfold"
"1";"unfurnish"
"1";"unhallowed"
"2";"unhappy"
"1";"unharm"
"1";"universal"
"1";"unkind"
"1";"unknown"
"1";"unlook"
"1";"unluckily"
"1";"unlucky"
"1";"unmade"
"1";"unmann"
"1";"unnatural"
"1";"unplagu"
"1";"unpleasing"
"1";"unreasonable"
"1";"unrest"
"1";"unruly"
"1";"unsatisfied"
"1";"unsavoury"
"1";"unseemly"
"1";"unseen"
"1";"unstain"
"1";"unstuff"
"1";"unsubstantial"
"1";"untalk"
"1";"untangled"
"1";"untaught"
"1";"unthankfulness"
"1";"unthrifty"
"5";"untimely"
"1";"unwash"
"1";"unwieldy"
"1";"unworthiest"
"2";"unworthy"
"1";"uprous"
"1";"upturned"
"3";"urg"
"1";"urging"
"1";"usest"
"1";"usurer"
"1";"utter"
"1";"utterance"
"1";"uttered"
"1";"utters"
"3";"vain"
"1";"vainly"
"1";"valentine"
"1";"valentio"
"2";"valiant"
"1";"validity"
"3";"valour"
"1";"vanish"
"2";"vanity"
"1";"variable"
"2";"variance"
"1";"vast"
"9";"vault"
"1";"vaulty"
"4";"veins"
"1";"venge"
"2";"vengeance"
"2";"venus"
"18";"verona"
"1";"versal"
"1";"vessels"
"2";"vestal"
"2";"vex"
"1";"vexed"
"2";"vial"
"2";"vice"
"1";"victory"
"3";"view"
"8";"vile"
"17";"villain"
"1";"villanous"
"1";"violence"
"2";"violent"
"1";"violently"
"1";"virtue"
"1";"virtues"
"3";"virtuous"
"1";"visage"
"1";"visiting"
"3";"visor"
"2";"vitae"
"1";"vitruvio"
"5";"voice"
"1";"voices"
"2";"volume"
"4";"vow"
"1";"vowel"
"1";"vows"
"1";"waddled"
"1";"wagon"
"2";"wagoner"
"1";"wail"
"1";"wailing"
"1";"wait"
"5";"wake"
"1";"waken"
"1";"wakened"
"2";"wakes"
"5";"waking"
"4";"walk"
"1";"walking"
"1";"walks"
"10";"wall"
"3";"walls"
"1";"wanders"
"2";"wanting"
"3";"wanton"
"1";"wantons"
"1";"ward"
"2";"ware"
"4";"warm"
"1";"warmth"
"1";"warning"
"1";"warns"
"11";"warrant"
"1";"wary"
"5";"wash"
"6";"wast"
"3";"waste"
"1";"wat"
"23";"watch"
"2";"watching"
"1";"watchman"
"1";"watchmen"
"2";"water"
"1";"waverer"
"2";"wax"
"1";"waxes"
"2";"ways"
"1";"wayward"
"3";"weak"
"1";"weaker"
"1";"weakest"
"1";"weal"
"2";"wealth"
"1";"wean"
"2";"weapon"
"2";"weapons"
"4";"wear"
"1";"wearied"
"2";"wearing"
"3";"weary"
"1";"web"
"2";"wedded"
"5";"wedding"
"3";"wednesday"
"2";"weeds"
"2";"week"
"10";"weep"
"4";"weeping"
"4";"weeps"
"1";"weigh"
"5";"wench"
"2";"weraday"
"3";"wert"
"1";"west"
"1";"westward"
"1";"whate"
"1";"wheels"
"5";"wherefore"
"1";"whereon"
"1";"whereto"
"1";"whiles"
"1";"whining"
"2";"whip"
"1";"whipp"
"1";"whispering"
"2";"whistle"
"1";"whit"
"3";"white"
"1";"whiter"
"1";"whoe"
"1";"whore"
"1";"whoreson"
"1";"wicked"
"3";"wide"
"1";"widow"
"1";"widowed"
"1";"wield"
"47";"wife"
"6";"wild"
"1";"wilful"
"1";"william"
"1";"willingly"
"1";"wills"
"30";"wilt"
"4";"wind"
"5";"window"
"2";"windows"
"2";"winds"
"1";"wine"
"1";"winged"
"5";"wings"
"1";"wink"
"1";"winking"
"1";"winning"
"1";"winter"
"4";"wisdom"
"5";"wise"
"5";"wisely"
"12";"wit"
"5";"withal"
"3";"withdraw"
"1";"wither"
"5";"wits"
"1";"wives"
"14";"woe"
"1";"woeful"
"8";"woes"
"7";"woful"
"1";"wolvish"
"3";"woman"
"2";"womanish"
"4";"womb"
"4";"women"
"1";"won"
"1";"wond"
"1";"wondrous"
"5";"woo"
"1";"wood"
"1";"wooes"
"28";"word"
"3";"work"
"2";"worm"
"2";"worms"
"2";"wormwood"
"4";"worn"
"3";"worse"
"2";"worser"
"2";"worship"
"1";"worshipp"
"1";"worst"
"1";"worth"
"1";"worthy"
"1";"wot"
"3";"wouldst"
"3";"wound"
"2";"wounded"
"1";"wounds"
"1";"wreak"
"1";"wrenching"
"3";"wretch"
"3";"wretched"
"1";"wretchedness"
"1";"wring"
"7";"writ"
"2";"write"
"1";"writes"
"1";"writing"
"5";"written"
"3";"wrong"
"1";"wronged"
"2";"wrought"
"1";"yard"
"4";"yea"
"3";"year"
"11";"years"
"1";"yeas"
"1";"yellow"
"1";"yesternight"
"2";"yew"
"1";"yielding"
"1";"yoke"
"1";"yon"
"5";"yond"
"6";"yonder"
"24";"young"
"2";"younger"
"1";"youngest"
"6";"youth"
"3";"youthful"
"2";"zounds"
